Sat Mar 21 11:20:57 2020,	 90.0,	 0.00000,	 8.13000,	 -0.04000,	 -0.62000,	 -2.80000,	 -5.17000,	 -2.51000,	0	
Sat Mar 21 11:20:57 2020,	 91.0,	 0.00000,	 8.13000,	 0.01000,	 -0.78000,	 -2.49000,	 -5.12000,	 -2.31000,	0	
Sat Mar 21 11:20:58 2020,	 92.0,	 0.00000,	 8.09000,	 -0.12000,	 -0.81000,	 -3.50000,	 -4.82000,	 -0.54000,	0	
Sat Mar 21 11:20:58 2020,	 93.0,	 0.00000,	 8.12000,	 -0.11000,	 -0.73000,	 -2.37000,	 -4.66000,	 -1.89000,	0	
Sat Mar 21 11:20:59 2020,	 94.0,	 0.00000,	 8.08000,	 -0.02000,	 -0.74000,	 -2.24000,	 -4.82000,	 -1.82000,	0	
Sat Mar 21 11:20:59 2020,	 95.0,	 0.00000,	 8.14000,	 -0.03000,	 -0.84000,	 -2.46000,	 -4.61000,	 -1.38000,	0	
Sat Mar 21 11:20:59 2020,	 96.0,	 0.00000,	 8.16000,	 -0.01000,	 -0.85000,	 -2.74000,	 -4.10000,	 -1.56000,	0	
Sat Mar 21 11:21:00 2020,	 97.0,	 0.00000,	 8.20000,	 0.04000,	 -0.80000,	 -1.56000,	 -5.15000,	 -1.30000,	0	
Sat Mar 21 11:21:00 2020,	 98.0,	 0.00000,	 8.19000,	 -0.01000,	 -0.79000,	 -2.12000,	 -4.28000,	 -1.11000,	0	
Sat Mar 21 11:21:01 2020,	 99.0,	 0.00000,	 8.17000,	 -0.02000,	 -0.86000,	 -2.50000,	 -3.87000,	 -1.73000,	0	
Sat Mar 21 11:21:01 2020,	 100.0,	 0.00000,	 8.08000,	 0.01000,	 -0.74000,	 -2.13000,	 -4.26000,	 -1.64000,	0	
Sat Mar 21 11:21:02 2020,	 101.0,	 0.00000,	 8.15000,	 0.05000,	 -0.83000,	 -2.98000,	 -3.92000,	 -1.37000,	0	
Sat Mar 21 11:21:02 2020,	 102.0,	 0.00000,	 8.14000,	 -0.01000,	 -0.73000,	 -2.57000,	 -4.12000,	 -1.64000,	0	
Sat Mar 21 11:21:02 2020,	 103.0,	 0.00000,	 8.14000,	 -0.01000,	 -0.85000,	 -2.15000,	 -4.32000,	 -1.69000,	0	
Sat Mar 21 11:21:03 2020,	 104.0,	 0.00000,	 8.13000,	 -0.03000,	 -0.76000,	 -2.58000,	 -3.85000,	 -1.28000,	0	
Sat Mar 21 11:21:03 2020,	 105.0,	 0.00000,	 8.09000,	 0.03000,	 -0.72000,	 -2.59000,	 -4.44000,	 -1.60000,	0	
Sat Mar 21 11:21:04 2020,	 106.0,	 0.00000,	 8.16000,	 0.04000,	 -0.77000,	 -2.82000,	 -4.08000,	 -1.60000,	0	
Sat Mar 21 11:21:04 2020,	 107.0,	 0.00000,	 8.16000,	 0.01000,	 -0.85000,	 -2.45000,	 -4.24000,	 -1.08000,	0	
Sat Mar 21 11:21:04 2020,	 108.0,	 0.00000,	 8.17000,	 0.05000,	 -0.73000,	 -2.22000,	 -4.46000,	 -1.21000,	0	
Sat Mar 21 11:21:05 2020,	 109.0,	 0.00000,	 8.13000,	 0.02000,	 -0.75000,	 -2.24000,	 -4.31000,	 -1.60000,	0	
Sat Mar 21 11:21:05 2020,	 110.0,	 0.00000,	 8.14000,	 0.01000,	 -0.75000,	 -2.56000,	 -4.40000,	 -1.63000,	0	
Sat Mar 21 11:21:06 2020,	 111.0,	 0.00000,	 8.15000,	 0.01000,	 -0.78000,	 -2.40000,	 -4.46000,	 -0.92000,	0	
Sat Mar 21 11:21:06 2020,	 112.0,	 0.00000,	 8.11000,	 0.02000,	 -0.87000,	 -3.86000,	 -5.90000,	 -1.26000,	0	
Sat Mar 21 11:21:07 2020,	 113.0,	 0.00000,	 8.11000,	 0.08000,	 -0.91000,	 -0.77000,	 -5.56000,	 -3.01000,	0	
Sat Mar 21 11:21:07 2020,	 114.0,	 0.00000,	 8.11000,	 0.35000,	 -0.91000,	 -2.79000,	 -5.43000,	 -2.49000,	0	
Sat Mar 21 11:21:07 2020,	 115.0,	 0.00000,	 8.15000,	 0.24000,	 -0.88000,	 -2.15000,	 -6.30000,	 -1.10000,	0	
Sat Mar 21 11:21:08 2020,	 116.0,	 0.00000,	 8.18000,	 0.20000,	 -1.15000,	 -2.47000,	 -4.62000,	 -0.88000,	0	
Sat Mar 21 11:21:08 2020,	 117.0,	 0.00000,	 8.12000,	 0.16000,	 -1.05000,	 -3.38000,	 -4.16000,	 -1.61000,	0	
Sat Mar 21 11:21:09 2020,	 118.0,	 0.00000,	 8.14000,	 0.17000,	 -1.10000,	 -2.10000,	 -4.66000,	 -1.43000,	0	
Sat Mar 21 11:21:09 2020,	 119.0,	 0.00000,	 8.07000,	 0.10000,	 -1.04000,	 -2.75000,	 -4.37000,	 -1.41000,	0	
Sat Mar 21 11:21:10 2020,	 120.0,	 0.00000,	 8.08000,	 0.19000,	 -1.07000,	 -2.32000,	 -4.49000,	 -1.46000,	0	
Sat Mar 21 11:21:10 2020,	 121.0,	 0.00000,	 8.12000,	 0.21000,	 -1.02000,	 -2.86000,	 -4.54000,	 -1.16000,	0	
Sat Mar 21 11:21:10 2020,	 122.0,	 0.00000,	 8.20000,	 0.15000,	 -0.95000,	 -2.38000,	 -0.16000,	 0.12000,	0	
Sat Mar 21 11:21:11 2020,	 123.0,	 0.00000,	 8.15000,	 0.19000,	 -0.83000,	 -2.58000,	 -4.24000,	 -1.42000,	0	
Sat Mar 21 11:21:11 2020,	 124.0,	 0.00000,	 8.12000,	 0.20000,	 -0.98000,	 -2.71000,	 -4.47000,	 -1.06000,	0	
Sat Mar 21 11:21:11 2020,	 125.0,	 0.00000,	 8.12000,	 0.16000,	 -0.83000,	 -2.04000,	 -4.25000,	 -1.20000,	0	
Sat Mar 21 11:21:12 2020,	 126.0,	 0.00000,	 8.16000,	 0.20000,	 -0.80000,	 -2.65000,	 -3.83000,	 -1.52000,	0	
Sat Mar 21 11:21:12 2020,	 127.0,	 0.00000,	 8.15000,	 0.16000,	 -0.88000,	 -2.40000,	 -4.36000,	 -1.44000,	0	
Sat Mar 21 11:21:13 2020,	 128.0,	 0.00000,	 8.14000,	 0.18000,	 -0.85000,	 -2.00000,	 -4.73000,	 -1.21000,	0	
Sat Mar 21 11:21:13 2020,	 129.0,	 0.00000,	 8.15000,	 0.20000,	 -0.87000,	 -1.73000,	 -4.77000,	 -2.14000,	0	
Sat Mar 21 11:21:14 2020,	 130.0,	 0.00000,	 8.14000,	 0.16000,	 -0.78000,	 -2.63000,	 -4.44000,	 -1.47000,	0	
Sat Mar 21 11:21:14 2020,	 131.0,	 0.00000,	 8.12000,	 0.22000,	 -0.85000,	 -2.38000,	 -4.66000,	 -1.11000,	0	
Sat Mar 21 11:21:14 2020,	 132.0,	 0.00000,	 8.18000,	 0.12000,	 -0.86000,	 -2.17000,	 -4.88000,	 -1.35000,	0	
Sat Mar 21 11:21:15 2020,	 133.0,	 0.00000,	 8.12000,	 0.18000,	 -0.92000,	 -2.47000,	 -4.15000,	 -1.08000,	0	
Sat Mar 21 11:21:15 2020,	 134.0,	 0.00000,	 8.16000,	 0.15000,	 -0.93000,	 -2.25000,	 -4.32000,	 -1.39000,	0	
Sat Mar 21 11:21:16 2020,	 135.0,	 0.00000,	 8.15000,	 0.17000,	 -0.93000,	 -2.08000,	 -4.86000,	 -1.35000,	0	
Sat Mar 21 11:21:16 2020,	 136.0,	 0.00000,	 8.12000,	 0.19000,	 -0.91000,	 -2.27000,	 -4.76000,	 -1.64000,	0	
Sat Mar 21 11:21:16 2020,	 137.0,	 0.00000,	 8.10000,	 0.18000,	 -0.91000,	 -2.30000,	 -4.16000,	 -1.34000,	0	
Sat Mar 21 11:21:17 2020,	 138.0,	 0.00000,	 8.12000,	 0.19000,	 -0.87000,	 -2.18000,	 -4.47000,	 -1.27000,	0	
Sat Mar 21 11:21:17 2020,	 139.0,	 0.00000,	 8.18000,	 0.16000,	 -0.88000,	 -2.27000,	 -4.68000,	 -1.37000,	0	
Sat Mar 21 11:21:18 2020,	 140.0,	 0.00000,	 8.15000,	 0.13000,	 -0.87000,	 -2.40000,	 -3.96000,	 -1.32000,	0	
Sat Mar 21 11:21:18 2020,	 141.0,	 0.00000,	 8.17000,	 0.14000,	 -0.95000,	 -2.13000,	 -4.53000,	 -0.82000,	0	
Sat Mar 21 11:21:19 2020,	 142.0,	 0.00000,	 8.10000,	 0.07000,	 -0.86000,	 -2.35000,	 -4.32000,	 -1.44000,	0	
Sat Mar 21 11:21:19 2020,	 143.0,	 0.00000,	 8.08000,	 0.14000,	 -0.83000,	 -2.50000,	 -4.07000,	 -1.51000,	0	
Sat Mar 21 11:21:19 2020,	 144.0,	 0.00000,	 8.14000,	 0.17000,	 -0.87000,	 -2.50000,	 -3.93000,	 -1.44000,	0	
Sat Mar 21 11:21:20 2020,	 145.0,	 0.00000,	 8.13000,	 0.14000,	 -0.90000,	 -1.93000,	 -4.64000,	 -1.30000,	0	
Sat Mar 21 11:21:20 2020,	 146.0,	 0.00000,	 8.12000,	 0.17000,	 -0.90000,	 -2.07000,	 -4.33000,	 -1.64000,	0	
Sat Mar 21 11:21:21 2020,	 147.0,	 0.00000,	 8.12000,	 0.12000,	 -0.88000,	 -2.09000,	 -4.53000,	 -1.20000,	0	
Sat Mar 21 11:21:21 2020,	 148.0,	 0.00000,	 8.16000,	 0.14000,	 -0.81000,	 -2.58000,	 -4.50000,	 -1.87000,	0	
Sat Mar 21 11:21:22 2020,	 149.0,	 0.00000,	 8.17000,	 0.09000,	 -0.88000,	 -2.40000,	 -4.06000,	 -1.39000,	0	
Sat Mar 21 11:21:28 2020,	 164.0,	 0.00000,	 0.18000,	 -7.80000,	 1.59000,	 -1.32000,	 -5.84000,	 -1.31000,	1	
Sat Mar 21 11:21:28 2020,	 165.0,	 0.00000,	 0.15000,	 -7.73000,	 1.60000,	 -2.28000,	 -5.55000,	 -1.36000,	1	
Sat Mar 21 11:21:29 2020,	 166.0,	 0.00000,	 0.14000,	 -7.80000,	 1.66000,	 -2.54000,	 -6.20000,	 -2.40000,	1	
Sat Mar 21 11:21:29 2020,	 167.0,	 0.00000,	 0.09000,	 -7.74000,	 1.60000,	 -2.82000,	 -3.73000,	 -1.02000,	1	
Sat Mar 21 11:21:29 2020,	 168.0,	 0.00000,	 -0.01000,	 -7.81000,	 1.53000,	 -2.30000,	 -4.49000,	 -1.23000,	1	
Sat Mar 21 11:21:30 2020,	 169.0,	 0.00000,	 0.14000,	 -7.72000,	 1.50000,	 -3.33000,	 -3.55000,	 -2.68000,	1	
Sat Mar 21 11:21:30 2020,	 170.0,	 0.00000,	 0.14000,	 -7.84000,	 1.52000,	 -2.28000,	 -4.74000,	 -0.82000,	1	
Sat Mar 21 11:21:31 2020,	 171.0,	 0.00000,	 0.23000,	 -7.74000,	 1.54000,	 -2.24000,	 -4.72000,	 -1.33000,	1	
Sat Mar 21 11:21:31 2020,	 172.0,	 0.00000,	 0.20000,	 -7.77000,	 1.67000,	 -1.27000,	 -8.26000,	 -4.37000,	1	
Sat Mar 21 11:21:32 2020,	 173.0,	 0.00000,	 0.24000,	 -7.85000,	 1.53000,	 -2.19000,	 -3.92000,	 -2.59000,	1	
Sat Mar 21 11:21:32 2020,	 174.0,	 0.00000,	 0.48000,	 -7.87000,	 1.62000,	 -0.69000,	 -6.34000,	 -3.19000,	1	
Sat Mar 21 11:21:32 2020,	 175.0,	 0.00000,	 0.43000,	 -7.70000,	 1.55000,	 -2.39000,	 -4.31000,	 -1.51000,	1	
Sat Mar 21 11:21:33 2020,	 176.0,	 0.00000,	 0.38000,	 -7.86000,	 1.57000,	 -1.49000,	 -3.92000,	 -1.82000,	1	
Sat Mar 21 11:21:33 2020,	 177.0,	 0.00000,	 0.46000,	 -7.75000,	 1.63000,	 -2.36000,	 -4.73000,	 -2.34000,	1	
Sat Mar 21 11:21:34 2020,	 178.0,	 0.00000,	 0.54000,	 -7.73000,	 1.76000,	 -0.96000,	 -4.54000,	 -4.68000,	1	
Sat Mar 21 11:21:34 2020,	 179.0,	 0.00000,	 0.66000,	 -7.68000,	 1.81000,	 -1.58000,	 -4.80000,	 -1.79000,	1	
Sat Mar 21 11:21:35 2020,	 180.0,	 0.00000,	 0.65000,	 -7.67000,	 1.72000,	 -2.19000,	 -4.78000,	 -1.41000,	1	
Sat Mar 21 11:21:35 2020,	 181.0,	 0.00000,	 0.63000,	 -7.68000,	 1.75000,	 -2.43000,	 -4.48000,	 -1.76000,	1	
Sat Mar 21 11:21:35 2020,	 182.0,	 0.00000,	 0.68000,	 -7.70000,	 1.79000,	 -2.34000,	 -4.27000,	 -1.02000,	1	
Sat Mar 21 11:21:36 2020,	 183.0,	 0.00000,	 0.69000,	 -7.69000,	 1.73000,	 -2.53000,	 -4.76000,	 -1.76000,	1	
Sat Mar 21 11:21:36 2020,	 184.0,	 0.00000,	 0.65000,	 -7.74000,	 1.80000,	 -2.62000,	 -4.21000,	 -0.93000,	1	
Sat Mar 21 11:21:37 2020,	 185.0,	 0.00000,	 0.67000,	 -7.64000,	 1.75000,	 -2.19000,	 -4.63000,	 -1.40000,	1	
Sat Mar 21 11:21:37 2020,	 186.0,	 0.00000,	 0.68000,	 -7.66000,	 1.71000,	 -2.44000,	 -4.48000,	 -1.79000,	1	
Sat Mar 21 11:21:37 2020,	 187.0,	 0.00000,	 0.71000,	 -7.72000,	 1.73000,	 -2.55000,	 -4.29000,	 -1.60000,	1	
Sat Mar 21 11:21:38 2020,	 188.0,	 0.00000,	 0.67000,	 -7.70000,	 1.75000,	 -2.60000,	 -4.70000,	 -1.12000,	1	
Sat Mar 21 11:21:38 2020,	 189.0,	 0.00000,	 0.62000,	 -7.71000,	 1.72000,	 -2.28000,	 -4.41000,	 -1.44000,	1	
Sat Mar 21 11:21:39 2020,	 190.0,	 0.00000,	 0.67000,	 -7.71000,	 1.70000,	 -2.38000,	 -4.17000,	 -1.24000,	1	
Sat Mar 21 11:21:39 2020,	 191.0,	 0.00000,	 0.71000,	 -7.66000,	 1.71000,	 -2.34000,	 -4.84000,	 -0.89000,	1	
Sat Mar 21 11:21:40 2020,	 192.0,	 0.00000,	 0.65000,	 -7.67000,	 1.72000,	 -2.61000,	 -4.48000,	 -2.10000,	1	
Sat Mar 21 11:21:40 2020,	 193.0,	 0.00000,	 0.66000,	 -7.71000,	 1.74000,	 -3.95000,	 -5.08000,	 -1.85000,	1	
Sat Mar 21 11:21:40 2020,	 194.0,	 0.00000,	 0.60000,	 -7.66000,	 1.61000,	 -4.28000,	 -1.79000,	 0.47000,	1	
Sat Mar 21 11:21:41 2020,	 195.0,	 0.00000,	 0.61000,	 -7.67000,	 1.60000,	 -1.77000,	 -4.62000,	 -1.33000,	1	
Sat Mar 21 11:21:41 2020,	 196.0,	 0.00000,	 0.49000,	 -7.65000,	 1.61000,	 -3.14000,	 -3.50000,	 -0.39000,	1	
Sat Mar 21 11:21:42 2020,	 197.0,	 0.00000,	 0.51000,	 -7.74000,	 1.60000,	 -2.81000,	 -5.82000,	 -2.09000,	1	
Sat Mar 21 11:21:42 2020,	 198.0,	 0.00000,	 0.54000,	 -7.77000,	 1.59000,	 -2.44000,	 -3.89000,	 -0.82000,	1	
Sat Mar 21 11:21:42 2020,	 199.0,	 0.00000,	 0.47000,	 -7.75000,	 1.44000,	 -2.17000,	 -4.44000,	 -1.25000,	1	
Sat Mar 21 11:21:43 2020,	 200.0,	 0.00000,	 0.42000,	 -7.75000,	 1.52000,	 -2.18000,	 -4.72000,	 -0.95000,	1	
Sat Mar 21 11:21:43 2020,	 201.0,	 0.00000,	 0.42000,	 -7.77000,	 1.55000,	 -1.79000,	 -5.00000,	 -1.22000,	1	
Sat Mar 21 11:21:44 2020,	 202.0,	 0.00000,	 0.46000,	 -7.84000,	 1.57000,	 -2.39000,	 -4.03000,	 -1.89000,	1	
Sat Mar 21 11:21:44 2020,	 203.0,	 0.00000,	 0.46000,	 -7.73000,	 1.53000,	 -2.11000,	 -4.52000,	 -1.47000,	1	
Sat Mar 21 11:21:44 2020,	 204.0,	 0.00000,	 0.41000,	 -7.81000,	 1.54000,	 -2.32000,	 -4.38000,	 -2.01000,	1	
Sat Mar 21 11:21:45 2020,	 205.0,	 0.00000,	 0.28000,	 -7.75000,	 1.34000,	 -3.09000,	 -7.01000,	 1.47000,	1	
Sat Mar 21 11:21:45 2020,	 206.0,	 0.00000,	 0.95000,	 -7.67000,	 1.90000,	 -3.17000,	 -0.35000,	 -12.99000,	1	
Sat Mar 21 11:21:46 2020,	 207.0,	 0.00000,	 0.58000,	 -7.75000,	 1.54000,	 -2.26000,	 -3.60000,	 0.27000,	1	
Sat Mar 21 11:21:46 2020,	 208.0,	 0.00000,	 0.38000,	 -7.80000,	 1.37000,	 -2.40000,	 -4.21000,	 -0.95000,	1	
Sat Mar 21 11:21:47 2020,	 209.0,	 0.00000,	 0.40000,	 -7.77000,	 1.29000,	 -2.23000,	 -4.15000,	 -0.75000,	1	
Sat Mar 21 11:21:47 2020,	 210.0,	 0.00000,	 0.39000,	 -7.78000,	 1.46000,	 -2.58000,	 -4.39000,	 -0.85000,	1	
Sat Mar 21 11:21:53 2020,	 225.0,	 0.00000,	 -7.85000,	 -0.76000,	 -0.86000,	 -3.25000,	 -5.26000,	 -2.57000,	2	
Sat Mar 21 11:21:54 2020,	 226.0,	 0.00000,	 -7.94000,	 -0.80000,	 -0.84000,	 -1.24000,	 -4.15000,	 -0.87000,	2	
Sat Mar 21 11:21:54 2020,	 227.0,	 0.00000,	 -7.83000,	 -0.80000,	 -0.92000,	 -2.87000,	 -5.27000,	 -1.51000,	2	
Sat Mar 21 11:21:54 2020,	 228.0,	 0.00000,	 -7.78000,	 -0.57000,	 -0.98000,	 -4.39000,	 -10.11000,	 0.36000,	2	
Sat Mar 21 11:21:55 2020,	 229.0,	 0.00000,	 -7.82000,	 -0.58000,	 -0.88000,	 -3.13000,	 -5.16000,	 -0.19000,	2	
Sat Mar 21 11:21:55 2020,	 230.0,	 0.00000,	 -7.95000,	 -0.66000,	 -0.78000,	 -0.37000,	 -2.27000,	 3.95000,	2	
Sat Mar 21 11:21:56 2020,	 231.0,	 0.00000,	 -7.74000,	 -0.63000,	 -0.91000,	 -1.64000,	 -5.53000,	 -2.50000,	2	
Sat Mar 21 11:21:56 2020,	 232.0,	 0.00000,	 -7.86000,	 -0.70000,	 -0.96000,	 -2.34000,	 -4.86000,	 -2.67000,	2	
Sat Mar 21 11:21:57 2020,	 233.0,	 0.00000,	 -7.85000,	 -0.78000,	 -0.70000,	 -2.09000,	 -4.79000,	 -2.24000,	2	
Sat Mar 21 11:21:57 2020,	 234.0,	 0.00000,	 -7.93000,	 -0.71000,	 -0.66000,	 -1.76000,	 -4.50000,	 -2.26000,	2	
Sat Mar 21 11:21:57 2020,	 235.0,	 0.00000,	 -7.88000,	 -0.80000,	 -0.82000,	 -3.79000,	 -2.06000,	 0.86000,	2	
Sat Mar 21 11:21:58 2020,	 236.0,	 0.00000,	 -7.93000,	 -0.41000,	 -0.77000,	 -3.84000,	 -3.80000,	 2.25000,	2	
Sat Mar 21 11:21:58 2020,	 237.0,	 0.00000,	 -8.06000,	 -0.39000,	 -0.74000,	 -5.08000,	 1.63000,	 -6.53000,	2	
Sat Mar 21 11:21:59 2020,	 238.0,	 0.00000,	 -7.91000,	 -0.58000,	 -0.69000,	 0.30000,	 -7.26000,	 -2.19000,	2	
Sat Mar 21 11:21:59 2020,	 239.0,	 0.00000,	 -7.94000,	 -0.42000,	 -0.76000,	 -2.96000,	 -5.65000,	 -0.21000,	2	
Sat Mar 21 11:21:59 2020,	 240.0,	 0.00000,	 -7.92000,	 -0.36000,	 -0.71000,	 -3.24000,	 -3.54000,	 -3.50000,	2	
Sat Mar 21 11:22:00 2020,	 241.0,	 0.00000,	 -7.75000,	 -0.36000,	 -0.70000,	 -1.39000,	 -5.97000,	 -1.32000,	2	
Sat Mar 21 11:22:00 2020,	 242.0,	 0.00000,	 -7.94000,	 -0.37000,	 -0.66000,	 1.12000,	 -1.23000,	 6.24000,	2	
Sat Mar 21 11:22:01 2020,	 243.0,	 0.00000,	 -7.84000,	 -0.29000,	 -0.69000,	 -3.79000,	 -5.18000,	 -2.75000,	2	
Sat Mar 21 11:22:01 2020,	 244.0,	 0.00000,	 -7.83000,	 -0.28000,	 -0.43000,	 1.01000,	 -7.21000,	 -1.03000,	2	
Sat Mar 21 11:22:02 2020,	 245.0,	 0.00000,	 -7.80000,	 -0.30000,	 -0.56000,	 -2.06000,	 -3.51000,	 0.04000,	2	
Sat Mar 21 11:22:02 2020,	 246.0,	 0.00000,	 -7.96000,	 -0.17000,	 -0.42000,	 -0.02000,	 -4.99000,	 -1.16000,	2	
Sat Mar 21 11:22:02 2020,	 247.0,	 0.00000,	 -7.89000,	 -0.22000,	 -0.39000,	 -2.11000,	 -6.10000,	 0.29000,	2	
Sat Mar 21 11:22:03 2020,	 248.0,	 0.00000,	 -7.90000,	 -0.31000,	 -0.53000,	 -2.17000,	 -5.09000,	 -1.14000,	2	
Sat Mar 21 11:22:03 2020,	 249.0,	 0.00000,	 -7.88000,	 -0.29000,	 -0.63000,	 -2.95000,	 -4.43000,	 -2.29000,	2	
Sat Mar 21 11:22:04 2020,	 250.0,	 0.00000,	 -7.95000,	 -0.30000,	 -0.56000,	 -1.79000,	 -5.03000,	 -1.48000,	2	
Sat Mar 21 11:22:04 2020,	 251.0,	 0.00000,	 -7.88000,	 -0.32000,	 -0.51000,	 -1.94000,	 -4.25000,	 -1.47000,	2	
Sat Mar 21 11:22:04 2020,	 252.0,	 0.00000,	 -7.87000,	 -0.35000,	 -0.35000,	 -1.83000,	 -5.52000,	 -2.91000,	2	
Sat Mar 21 11:22:05 2020,	 253.0,	 0.00000,	 -7.96000,	 -0.38000,	 -0.53000,	 -2.37000,	 -4.05000,	 -2.08000,	2	
Sat Mar 21 11:22:05 2020,	 254.0,	 0.00000,	 -7.82000,	 -0.20000,	 -0.59000,	 -3.06000,	 -5.34000,	 -0.71000,	2	
Sat Mar 21 11:22:06 2020,	 255.0,	 0.00000,	 -7.90000,	 -0.25000,	 -0.63000,	 -2.27000,	 -4.26000,	 -1.36000,	2	
Sat Mar 21 11:22:06 2020,	 256.0,	 0.00000,	 -7.97000,	 -0.22000,	 -0.57000,	 -2.61000,	 -3.07000,	 -0.50000,	2	
Sat Mar 21 11:22:07 2020,	 257.0,	 0.00000,	 -7.97000,	 -0.10000,	 -0.54000,	 -2.92000,	 -3.53000,	 2.68000,	2	
Sat Mar 21 11:22:07 2020,	 258.0,	 0.00000,	 -7.80000,	 0.22000,	 -0.68000,	 -0.87000,	 -3.99000,	 -0.31000,	2	
Sat Mar 21 11:22:07 2020,	 259.0,	 0.00000,	 -7.90000,	 0.00000,	 -0.64000,	 -1.05000,	 -4.47000,	 -0.21000,	2	
Sat Mar 21 11:22:08 2020,	 260.0,	 0.00000,	 -7.87000,	 -0.01000,	 -0.69000,	 -1.78000,	 -5.15000,	 -0.53000,	2	
Sat Mar 21 11:22:08 2020,	 261.0,	 0.00000,	 -7.91000,	 -0.03000,	 -0.63000,	 -2.37000,	 -4.39000,	 -2.64000,	2	
Sat Mar 21 11:22:09 2020,	 262.0,	 0.00000,	 -7.85000,	 0.09000,	 -0.68000,	 -2.43000,	 -3.85000,	 -1.53000,	2	
Sat Mar 21 11:22:09 2020,	 263.0,	 0.00000,	 -7.88000,	 0.09000,	 -0.65000,	 -1.40000,	 -4.51000,	 0.13000,	2	
Sat Mar 21 11:22:09 2020,	 264.0,	 0.00000,	 -7.83000,	 0.11000,	 -0.60000,	 -2.18000,	 -4.66000,	 -0.08000,	2	
Sat Mar 21 11:22:10 2020,	 265.0,	 0.00000,	 -7.88000,	 0.00000,	 -0.75000,	 -2.83000,	 -4.44000,	 -1.47000,	2	
Sat Mar 21 11:22:10 2020,	 266.0,	 0.00000,	 -7.90000,	 0.08000,	 -0.69000,	 -2.59000,	 -6.07000,	 -0.70000,	2	
Sat Mar 21 11:22:11 2020,	 267.0,	 0.00000,	 -7.97000,	 0.09000,	 -0.54000,	 -1.87000,	 -4.95000,	 -0.58000,	2	
Sat Mar 21 11:22:11 2020,	 268.0,	 0.00000,	 -8.32000,	 0.25000,	 -0.66000,	 -0.09000,	 -3.40000,	 2.06000,	2	
Sat Mar 21 11:22:12 2020,	 269.0,	 0.00000,	 -7.93000,	 0.15000,	 -0.64000,	 -2.15000,	 -9.82000,	 -2.55000,	2	
Sat Mar 21 11:22:12 2020,	 270.0,	 0.00000,	 -7.92000,	 0.24000,	 -0.72000,	 -1.24000,	 -5.76000,	 -0.31000,	2	
Sat Mar 21 11:22:12 2020,	 271.0,	 0.00000,	 -8.06000,	 0.15000,	 -0.67000,	 -2.89000,	 -4.81000,	 -2.44000,	2	
Sat Mar 21 11:22:13 2020,	 272.0,	 0.00000,	 -7.88000,	 0.29000,	 -0.64000,	 -2.05000,	 -5.47000,	 -0.02000,	2	
Sat Mar 21 11:22:13 2020,	 273.0,	 0.00000,	 -7.88000,	 0.22000,	 -0.60000,	 -2.69000,	 -3.97000,	 -1.06000,	2	
Sat Mar 21 11:22:14 2020,	 274.0,	 0.00000,	 -7.93000,	 0.16000,	 -0.71000,	 -1.22000,	 -1.39000,	 1.45000,	2	
Sat Mar 21 11:22:14 2020,	 275.0,	 0.00000,	 -7.91000,	 0.22000,	 -0.45000,	 -5.05000,	 -5.35000,	 -5.37000,	2	
Sat Mar 21 11:22:14 2020,	 276.0,	 0.00000,	 -8.07000,	 0.16000,	 -0.63000,	 -2.12000,	 -3.10000,	 -1.24000,	2	
Sat Mar 21 11:22:15 2020,	 277.0,	 0.00000,	 -7.89000,	 0.20000,	 -0.64000,	 -2.36000,	 -3.54000,	 -1.58000,	2	
Sat Mar 21 11:22:15 2020,	 278.0,	 0.00000,	 -7.95000,	 0.21000,	 -0.68000,	 -2.88000,	 -4.81000,	 -2.34000,	2	
Sat Mar 21 11:22:16 2020,	 279.0,	 0.00000,	 -7.92000,	 0.21000,	 -0.65000,	 -2.27000,	 -5.27000,	 -1.34000,	2	
Sat Mar 21 11:22:16 2020,	 280.0,	 0.00000,	 -7.93000,	 0.30000,	 -0.72000,	 -1.15000,	 -3.44000,	 0.27000,	2	
Sat Mar 21 11:22:17 2020,	 281.0,	 0.00000,	 -7.95000,	 0.36000,	 -0.58000,	 -2.44000,	 -3.65000,	 -1.64000,	2	
Sat Mar 21 11:22:17 2020,	 282.0,	 0.00000,	 -7.81000,	 0.45000,	 -0.49000,	 0.60000,	 -4.76000,	 -1.05000,	2	
Sat Mar 21 11:22:17 2020,	 283.0,	 0.00000,	 -7.87000,	 0.34000,	 -0.61000,	 -1.82000,	 -3.53000,	 -1.08000,	2	
Sat Mar 21 11:22:18 2020,	 284.0,	 0.00000,	 -8.00000,	 0.32000,	 -0.51000,	 -2.99000,	 -3.53000,	 -1.81000,	2	
Sat Mar 21 11:22:18 2020,	 285.0,	 0.00000,	 -7.92000,	 0.29000,	 -0.42000,	 -2.50000,	 -4.21000,	 -0.76000,	2	
Sat Mar 21 11:22:19 2020,	 286.0,	 0.00000,	 -7.83000,	 0.35000,	 -0.48000,	 -2.72000,	 -4.18000,	 -1.80000,	2	
Sat Mar 21 11:22:19 2020,	 287.0,	 0.00000,	 -7.90000,	 0.32000,	 -0.49000,	 -2.61000,	 -4.42000,	 -0.70000,	2	
Sat Mar 21 11:22:20 2020,	 288.0,	 0.00000,	 -7.90000,	 0.36000,	 -0.48000,	 -2.40000,	 -5.58000,	 -0.82000,	2	
Sat Mar 21 11:22:20 2020,	 289.0,	 0.00000,	 -7.88000,	 0.34000,	 -0.48000,	 -2.46000,	 -4.08000,	 -1.40000,	2	
Sat Mar 21 11:22:20 2020,	 290.0,	 0.00000,	 -7.93000,	 0.29000,	 -0.57000,	 -1.93000,	 -4.75000,	 -0.97000,	2	
Sat Mar 21 11:22:21 2020,	 291.0,	 0.00000,	 -7.92000,	 0.31000,	 -0.56000,	 -2.21000,	 -4.75000,	 -1.31000,	2	
Sat Mar 21 11:22:21 2020,	 292.0,	 0.00000,	 -7.87000,	 0.40000,	 -0.58000,	 -2.62000,	 -4.13000,	 -1.13000,	2	
Sat Mar 21 11:22:22 2020,	 293.0,	 0.00000,	 -7.88000,	 0.41000,	 -0.53000,	 -1.38000,	 -4.08000,	 -1.09000,	2	
Sat Mar 21 11:22:22 2020,	 294.0,	 0.00000,	 -7.86000,	 0.30000,	 -0.56000,	 -2.70000,	 -4.63000,	 -1.82000,	2	
Sat Mar 21 11:22:39 2020,	 336.0,	 0.00000,	 -2.08000,	 7.65000,	 0.40000,	 -3.48000,	 -5.20000,	 -0.27000,	3	
Sat Mar 21 11:22:40 2020,	 337.0,	 0.00000,	 -2.04000,	 7.62000,	 0.36000,	 -2.18000,	 -4.60000,	 -0.93000,	3	
Sat Mar 21 11:22:40 2020,	 338.0,	 0.00000,	 -2.06000,	 7.57000,	 0.44000,	 -2.56000,	 -4.98000,	 -2.08000,	3	
Sat Mar 21 11:22:41 2020,	 339.0,	 0.00000,	 -2.02000,	 7.68000,	 0.46000,	 -2.44000,	 -4.55000,	 -0.64000,	3	
Sat Mar 21 11:22:41 2020,	 340.0,	 0.00000,	 -2.06000,	 7.66000,	 0.41000,	 -2.49000,	 -5.16000,	 -0.94000,	3	
Sat Mar 21 11:22:42 2020,	 341.0,	 0.00000,	 -2.09000,	 7.58000,	 0.43000,	 -2.62000,	 -4.30000,	 -1.83000,	3	
Sat Mar 21 11:22:42 2020,	 342.0,	 0.00000,	 -2.10000,	 7.64000,	 0.33000,	 -2.55000,	 -4.31000,	 -2.14000,	3	
Sat Mar 21 11:22:42 2020,	 343.0,	 0.00000,	 -2.12000,	 7.59000,	 0.44000,	 -2.54000,	 -4.48000,	 -1.62000,	3	
Sat Mar 21 11:22:43 2020,	 344.0,	 0.00000,	 -2.18000,	 7.59000,	 0.42000,	 -2.23000,	 -3.96000,	 -2.21000,	3	
Sat Mar 21 11:22:43 2020,	 345.0,	 0.00000,	 -2.10000,	 7.62000,	 0.41000,	 -2.42000,	 -5.02000,	 -0.12000,	3	
Sat Mar 21 11:22:44 2020,	 346.0,	 0.00000,	 -2.15000,	 7.61000,	 0.49000,	 -1.97000,	 -4.86000,	 -1.08000,	3	
Sat Mar 21 11:22:44 2020,	 347.0,	 0.00000,	 -2.14000,	 7.57000,	 0.46000,	 -2.34000,	 -4.60000,	 -0.92000,	3	
Sat Mar 21 11:22:45 2020,	 348.0,	 0.00000,	 -2.10000,	 7.60000,	 0.49000,	 -2.53000,	 -5.22000,	 -1.01000,	3	
Sat Mar 21 11:22:45 2020,	 349.0,	 0.00000,	 -2.20000,	 7.61000,	 0.48000,	 -2.02000,	 -4.60000,	 -0.89000,	3	
Sat Mar 21 11:22:45 2020,	 350.0,	 0.00000,	 -2.11000,	 7.50000,	 0.49000,	 -3.32000,	 -3.98000,	 -2.68000,	3	
Sat Mar 21 11:22:46 2020,	 351.0,	 0.00000,	 -2.18000,	 7.62000,	 0.39000,	 -2.13000,	 -5.20000,	 -1.46000,	3	
Sat Mar 21 11:22:46 2020,	 352.0,	 0.00000,	 -2.16000,	 7.57000,	 0.41000,	 -2.23000,	 -4.16000,	 -1.47000,	3	
Sat Mar 21 11:22:47 2020,	 353.0,	 0.00000,	 -2.18000,	 7.60000,	 0.41000,	 -2.76000,	 -4.82000,	 -0.87000,	3	
Sat Mar 21 11:22:47 2020,	 354.0,	 0.00000,	 -2.23000,	 7.60000,	 0.54000,	 -2.81000,	 -3.97000,	 -1.59000,	3	
Sat Mar 21 11:22:47 2020,	 355.0,	 0.00000,	 -2.22000,	 7.51000,	 0.50000,	 -2.66000,	 -3.84000,	 -2.37000,	3	
Sat Mar 21 11:22:48 2020,	 356.0,	 0.00000,	 -2.22000,	 7.52000,	 0.43000,	 -2.64000,	 -4.27000,	 -1.73000,	3	
Sat Mar 21 11:22:48 2020,	 357.0,	 0.00000,	 -2.29000,	 7.63000,	 0.44000,	 -2.46000,	 -4.52000,	 -0.97000,	3	
Sat Mar 21 11:22:49 2020,	 358.0,	 0.00000,	 -2.20000,	 7.57000,	 0.50000,	 -1.88000,	 -4.43000,	 -0.84000,	3	
Sat Mar 21 11:22:49 2020,	 359.0,	 0.00000,	 -2.18000,	 7.57000,	 0.55000,	 -3.22000,	 -4.88000,	 -1.93000,	3	
Sat Mar 21 11:22:49 2020,	 360.0,	 0.00000,	 -2.25000,	 7.58000,	 0.54000,	 -2.11000,	 -5.34000,	 -0.31000,	3	
Sat Mar 21 11:22:50 2020,	 361.0,	 0.00000,	 -2.20000,	 7.50000,	 0.49000,	 -2.05000,	 -4.69000,	 -0.82000,	3	
Sat Mar 21 11:22:50 2020,	 362.0,	 0.00000,	 -2.16000,	 7.61000,	 0.48000,	 -2.59000,	 -4.41000,	 -1.82000,	3	
Sat Mar 21 11:22:51 2020,	 363.0,	 0.00000,	 -2.20000,	 7.60000,	 0.51000,	 -2.40000,	 -4.54000,	 -1.52000,	3	
Sat Mar 21 11:22:51 2020,	 364.0,	 0.00000,	 -2.29000,	 7.59000,	 0.46000,	 -1.73000,	 -4.44000,	 -1.31000,	3	
Sat Mar 21 11:22:52 2020,	 365.0,	 0.00000,	 -2.23000,	 7.49000,	 0.45000,	 -2.52000,	 -3.97000,	 -2.45000,	3	
Sat Mar 21 11:22:52 2020,	 366.0,	 0.00000,	 -2.28000,	 7.55000,	 0.50000,	 -1.85000,	 -4.72000,	 -1.62000,	3	
Sat Mar 21 11:22:52 2020,	 367.0,	 0.00000,	 -2.25000,	 7.53000,	 0.47000,	 -2.18000,	 -4.07000,	 -1.88000,	3	
Sat Mar 21 11:22:53 2020,	 368.0,	 0.00000,	 -2.27000,	 7.51000,	 0.51000,	 -2.40000,	 -4.41000,	 -1.51000,	3	
Sat Mar 21 11:22:53 2020,	 369.0,	 0.00000,	 -2.24000,	 7.58000,	 0.63000,	 -2.04000,	 -4.43000,	 -1.24000,	3	
Sat Mar 21 11:22:54 2020,	 370.0,	 0.00000,	 -2.22000,	 7.53000,	 0.59000,	 -2.40000,	 -4.61000,	 -1.96000,	3	
Sat Mar 21 11:22:54 2020,	 371.0,	 0.00000,	 -2.23000,	 7.53000,	 0.55000,	 -3.06000,	 -5.18000,	 -1.40000,	3	
Sat Mar 21 11:22:54 2020,	 372.0,	 0.00000,	 -2.24000,	 7.53000,	 0.54000,	 -2.13000,	 -4.15000,	 -0.69000,	3	
Sat Mar 21 11:22:55 2020,	 373.0,	 0.00000,	 -2.29000,	 7.52000,	 0.55000,	 -2.71000,	 -4.71000,	 -1.49000,	3	
Sat Mar 21 11:22:55 2020,	 374.0,	 0.00000,	 -2.21000,	 7.52000,	 0.55000,	 -2.02000,	 -5.29000,	 -0.85000,	3	
Sat Mar 21 11:22:56 2020,	 375.0,	 0.00000,	 -2.29000,	 7.58000,	 0.62000,	 -2.40000,	 -5.06000,	 -1.44000,	3	
Sat Mar 21 11:22:56 2020,	 376.0,	 0.00000,	 -2.29000,	 7.56000,	 0.58000,	 -1.61000,	 -4.10000,	 -1.65000,	3	
Sat Mar 21 11:22:57 2020,	 377.0,	 0.00000,	 -2.25000,	 7.54000,	 0.60000,	 -1.95000,	 -5.21000,	 -0.92000,	3	
Sat Mar 21 11:22:57 2020,	 378.0,	 0.00000,	 -2.26000,	 7.57000,	 0.55000,	 -3.29000,	 -4.47000,	 -1.96000,	3	
Sat Mar 21 11:22:57 2020,	 379.0,	 0.00000,	 -2.31000,	 7.54000,	 0.63000,	 -2.38000,	 -4.06000,	 -1.01000,	3	
Sat Mar 21 11:22:58 2020,	 380.0,	 0.00000,	 -2.24000,	 7.51000,	 0.54000,	 -2.85000,	 -5.12000,	 -0.84000,	3	
Sat Mar 21 11:22:58 2020,	 381.0,	 0.00000,	 -2.27000,	 7.51000,	 0.47000,	 -2.73000,	 -4.05000,	 -1.27000,	3	
Sat Mar 21 11:22:59 2020,	 382.0,	 0.00000,	 -2.23000,	 7.56000,	 0.56000,	 -3.10000,	 -4.89000,	 -0.89000,	3	
Sat Mar 21 11:22:59 2020,	 383.0,	 0.00000,	 -2.29000,	 7.57000,	 0.50000,	 -2.73000,	 -3.56000,	 -2.12000,	3	
Sat Mar 21 11:23:00 2020,	 384.0,	 0.00000,	 -2.22000,	 7.59000,	 0.50000,	 -1.89000,	 -4.37000,	 -0.92000,	3	
Sat Mar 21 11:23:00 2020,	 385.0,	 0.00000,	 -2.25000,	 7.56000,	 0.60000,	 -2.82000,	 -3.95000,	 -2.47000,	3	
Sat Mar 21 11:23:00 2020,	 386.0,	 0.00000,	 -2.29000,	 7.61000,	 0.65000,	 -3.02000,	 -4.05000,	 -0.27000,	3	
Sat Mar 21 11:23:01 2020,	 387.0,	 0.00000,	 -2.27000,	 7.49000,	 0.54000,	 -2.27000,	 -3.83000,	 -0.63000,	3	
Sat Mar 21 11:23:01 2020,	 388.0,	 0.00000,	 -2.20000,	 7.59000,	 0.60000,	 -2.03000,	 -4.78000,	 -1.95000,	3	
Sat Mar 21 11:23:02 2020,	 389.0,	 0.00000,	 -2.26000,	 7.57000,	 0.63000,	 -2.96000,	 -3.89000,	 -0.79000,	3	
Sat Mar 21 11:23:02 2020,	 390.0,	 0.00000,	 -2.28000,	 7.48000,	 0.53000,	 -2.46000,	 -3.60000,	 -2.27000,	3	
Sat Mar 21 11:23:02 2020,	 391.0,	 0.00000,	 -2.27000,	 7.61000,	 0.61000,	 -1.25000,	 -4.18000,	 0.06000,	3	
Sat Mar 21 11:23:03 2020,	 392.0,	 0.00000,	 -2.21000,	 7.55000,	 0.59000,	 -2.03000,	 -5.06000,	 -0.35000,	3	
Sat Mar 21 11:23:03 2020,	 393.0,	 0.00000,	 -2.33000,	 7.50000,	 0.52000,	 -1.99000,	 -4.48000,	 -1.99000,	3	
Sat Mar 21 11:23:04 2020,	 394.0,	 0.00000,	 -2.21000,	 7.53000,	 0.54000,	 -2.34000,	 -4.66000,	 -1.05000,	3	
Sat Mar 21 11:23:04 2020,	 395.0,	 0.00000,	 -2.24000,	 7.53000,	 0.66000,	 -3.03000,	 -4.67000,	 -1.46000,	3	
Sat Mar 21 11:23:05 2020,	 396.0,	 0.00000,	 -2.20000,	 7.58000,	 0.60000,	 -2.34000,	 -4.08000,	 -0.54000,	3	
Sat Mar 21 11:23:05 2020,	 397.0,	 0.00000,	 -2.15000,	 7.57000,	 0.57000,	 -3.30000,	 -4.37000,	 -1.66000,	3	
Sat Mar 21 11:23:05 2020,	 398.0,	 0.00000,	 -2.16000,	 7.53000,	 0.65000,	 -3.10000,	 -3.45000,	 -1.53000,	3	
Sat Mar 21 11:23:06 2020,	 399.0,	 0.00000,	 -2.19000,	 7.35000,	 0.97000,	 -2.28000,	 -5.66000,	 -1.73000,	3	
Sat Mar 21 11:23:06 2020,	 400.0,	 0.00000,	 -2.17000,	 7.61000,	 0.73000,	 -2.39000,	 -5.13000,	 -0.67000,	3	
Sat Mar 21 11:23:07 2020,	 401.0,	 0.00000,	 -2.24000,	 7.58000,	 0.67000,	 -2.42000,	 -4.78000,	 -0.58000,	3	
Sat Mar 21 11:23:07 2020,	 402.0,	 0.00000,	 -2.17000,	 7.55000,	 0.78000,	 -2.45000,	 -3.92000,	 -1.43000,	3	
Sat Mar 21 11:23:08 2020,	 403.0,	 0.00000,	 -2.21000,	 7.57000,	 0.72000,	 -2.15000,	 -4.66000,	 -1.41000,	3	
Sat Mar 21 11:23:08 2020,	 404.0,	 0.00000,	 -2.22000,	 7.50000,	 0.71000,	 -2.00000,	 -3.99000,	 -1.56000,	3	
Sat Mar 21 11:23:08 2020,	 405.0,	 0.00000,	 -2.18000,	 7.57000,	 0.78000,	 -2.66000,	 -5.31000,	 -0.89000,	3	
Sat Mar 21 11:23:09 2020,	 406.0,	 0.00000,	 -2.19000,	 7.58000,	 0.71000,	 -2.32000,	 -4.56000,	 -1.32000,	3	
Sat Mar 21 11:23:09 2020,	 407.0,	 0.00000,	 -2.22000,	 7.54000,	 0.79000,	 -2.52000,	 -5.31000,	 -1.02000,	3	
Sat Mar 21 11:23:10 2020,	 408.0,	 0.00000,	 -2.16000,	 7.55000,	 0.64000,	 -2.75000,	 -3.27000,	 -1.73000,	3	
Sat Mar 21 11:23:10 2020,	 409.0,	 0.00000,	 -2.17000,	 7.49000,	 0.68000,	 -3.45000,	 -4.42000,	 -1.97000,	3	
Sat Mar 21 11:23:10 2020,	 410.0,	 0.00000,	 -2.27000,	 7.52000,	 0.74000,	 -2.78000,	 -4.35000,	 -1.97000,	3	
Sat Mar 21 11:23:11 2020,	 411.0,	 0.00000,	 -2.28000,	 7.53000,	 0.67000,	 -3.38000,	 -4.11000,	 -1.92000,	3	
Sat Mar 21 11:23:11 2020,	 412.0,	 0.00000,	 -2.15000,	 7.60000,	 0.79000,	 -1.68000,	 -3.79000,	 -0.83000,	3	
Sat Mar 21 11:23:12 2020,	 413.0,	 0.00000,	 -2.11000,	 7.53000,	 0.72000,	 -2.34000,	 -4.95000,	 -2.15000,	3	
Sat Mar 21 11:23:12 2020,	 414.0,	 0.00000,	 -2.24000,	 7.52000,	 0.72000,	 -1.89000,	 -4.91000,	 -2.43000,	3	
Sat Mar 21 11:23:12 2020,	 415.0,	 0.00000,	 -2.27000,	 7.49000,	 0.67000,	 -2.56000,	 -4.42000,	 -1.57000,	3	
Sat Mar 21 11:23:13 2020,	 416.0,	 0.00000,	 -2.19000,	 7.53000,	 0.75000,	 -2.32000,	 -4.82000,	 -0.89000,	3	
Sat Mar 21 11:23:13 2020,	 417.0,	 0.00000,	 -2.19000,	 7.52000,	 0.68000,	 -2.02000,	 -5.32000,	 -0.80000,	3	
Sat Mar 21 11:23:14 2020,	 418.0,	 0.00000,	 -2.12000,	 7.49000,	 0.72000,	 -1.88000,	 -5.05000,	 -2.17000,	3	
Sat Mar 21 11:23:14 2020,	 419.0,	 0.00000,	 -2.13000,	 7.53000,	 0.68000,	 -2.81000,	 -4.16000,	 -1.71000,	3	
Sat Mar 21 11:23:15 2020,	 420.0,	 0.00000,	 -2.14000,	 7.68000,	 0.79000,	 -2.77000,	 -3.59000,	 -0.84000,	3	
Sat Mar 21 11:23:15 2020,	 421.0,	 0.00000,	 -2.18000,	 7.57000,	 0.76000,	 -3.35000,	 -3.98000,	 -2.72000,	3	
Sat Mar 21 11:23:16 2020,	 422.0,	 0.00000,	 -2.26000,	 7.51000,	 0.75000,	 -2.02000,	 -4.34000,	 -1.59000,	3	
Sat Mar 21 11:23:16 2020,	 423.0,	 0.00000,	 -2.14000,	 7.59000,	 0.79000,	 -2.55000,	 -4.60000,	 -0.85000,	3	
Sat Mar 21 11:23:16 2020,	 424.0,	 0.00000,	 -2.14000,	 7.57000,	 0.77000,	 -1.21000,	 -5.44000,	 -0.78000,	3	
Sat Mar 21 11:23:17 2020,	 425.0,	 0.00000,	 -2.16000,	 7.55000,	 0.72000,	 -2.46000,	 -4.79000,	 -0.21000,	3	
Sat Mar 21 11:23:17 2020,	 426.0,	 0.00000,	 -2.11000,	 7.60000,	 0.78000,	 -2.09000,	 -5.02000,	 -1.08000,	3	
Sat Mar 21 11:23:18 2020,	 427.0,	 0.00000,	 -2.16000,	 7.45000,	 0.71000,	 -2.14000,	 -4.92000,	 -1.75000,	3	
Sat Mar 21 11:23:18 2020,	 428.0,	 0.00000,	 -2.10000,	 7.55000,	 0.74000,	 -2.31000,	 -4.27000,	 -1.27000,	3	
Sat Mar 21 11:23:18 2020,	 429.0,	 0.00000,	 -2.21000,	 7.52000,	 0.71000,	 -2.60000,	 -4.76000,	 -2.14000,	3	
Sat Mar 21 11:23:19 2020,	 430.0,	 0.00000,	 -2.05000,	 7.53000,	 0.71000,	 -2.99000,	 -3.63000,	 -1.24000,	3	
Sat Mar 21 11:23:19 2020,	 431.0,	 0.00000,	 -2.11000,	 7.60000,	 0.75000,	 -3.82000,	 -5.02000,	 0.50000,	3	
Sat Mar 21 11:23:20 2020,	 432.0,	 0.00000,	 -1.95000,	 7.66000,	 0.74000,	 -2.65000,	 -4.72000,	 1.85000,	3	
Sat Mar 21 11:23:31 2020,	 460.0,	 0.00000,	 -1.26000,	 -0.06000,	 7.43000,	 -1.95000,	 -3.37000,	 -2.40000,	4	
Sat Mar 21 11:23:32 2020,	 461.0,	 0.00000,	 -1.36000,	 -0.03000,	 7.51000,	 -3.32000,	 -4.09000,	 -0.67000,	4	
Sat Mar 21 11:23:32 2020,	 462.0,	 0.00000,	 -1.31000,	 -0.14000,	 7.38000,	 -3.13000,	 -2.37000,	 -2.67000,	4	
Sat Mar 21 11:23:33 2020,	 463.0,	 0.00000,	 -1.26000,	 -0.22000,	 7.44000,	 -3.14000,	 -4.26000,	 -1.47000,	4	
Sat Mar 21 11:23:33 2020,	 464.0,	 0.00000,	 -1.36000,	 -0.20000,	 7.41000,	 -2.70000,	 -4.24000,	 -1.60000,	4	
Sat Mar 21 11:23:33 2020,	 465.0,	 0.00000,	 -1.27000,	 -0.21000,	 7.45000,	 -2.44000,	 -3.98000,	 -1.81000,	4	
Sat Mar 21 11:23:34 2020,	 466.0,	 0.00000,	 -1.25000,	 -0.18000,	 7.43000,	 -1.66000,	 -3.79000,	 -1.92000,	4	
Sat Mar 21 11:23:34 2020,	 467.0,	 0.00000,	 -1.30000,	 -0.18000,	 7.36000,	 -2.74000,	 -4.21000,	 -0.93000,	4	
Sat Mar 21 11:23:35 2020,	 468.0,	 0.00000,	 -1.31000,	 -0.27000,	 7.43000,	 -2.13000,	 -4.68000,	 -0.72000,	4	
Sat Mar 21 11:23:35 2020,	 469.0,	 0.00000,	 -1.38000,	 -0.22000,	 7.44000,	 -1.74000,	 -4.20000,	 -0.66000,	4	
Sat Mar 21 11:23:35 2020,	 470.0,	 0.00000,	 -1.34000,	 -0.24000,	 7.43000,	 -1.79000,	 -3.65000,	 -1.61000,	4	
Sat Mar 21 11:23:36 2020,	 471.0,	 0.00000,	 -1.33000,	 -0.20000,	 7.47000,	 -1.99000,	 -5.00000,	 -0.82000,	4	
Sat Mar 21 11:23:36 2020,	 472.0,	 0.00000,	 -1.36000,	 -0.20000,	 7.50000,	 -1.66000,	 -4.40000,	 -0.67000,	4	
Sat Mar 21 11:23:37 2020,	 473.0,	 0.00000,	 -1.32000,	 -0.07000,	 7.55000,	 -2.66000,	 -5.31000,	 -0.95000,	4	
Sat Mar 21 11:23:37 2020,	 474.0,	 0.00000,	 -1.23000,	 -0.17000,	 7.41000,	 -2.05000,	 -4.47000,	 -0.71000,	4	
Sat Mar 21 11:23:37 2020,	 475.0,	 0.00000,	 -1.27000,	 -0.25000,	 7.55000,	 -1.82000,	 -4.19000,	 -1.38000,	4	
Sat Mar 21 11:23:38 2020,	 476.0,	 0.00000,	 -1.22000,	 -0.18000,	 7.39000,	 -2.32000,	 -3.73000,	 -0.99000,	4	
Sat Mar 21 11:23:38 2020,	 477.0,	 0.00000,	 -1.20000,	 -0.23000,	 7.43000,	 -1.95000,	 -4.46000,	 -0.37000,	4	
Sat Mar 21 11:23:39 2020,	 478.0,	 0.00000,	 -1.29000,	 -0.22000,	 7.41000,	 -1.73000,	 -3.83000,	 -1.54000,	4	
Sat Mar 21 11:23:39 2020,	 479.0,	 0.00000,	 -1.30000,	 -0.20000,	 7.51000,	 -2.75000,	 -3.72000,	 -1.46000,	4	
Sat Mar 21 11:23:40 2020,	 480.0,	 0.00000,	 -1.27000,	 -0.16000,	 7.40000,	 -2.51000,	 -4.12000,	 -1.05000,	4	
Sat Mar 21 11:23:40 2020,	 481.0,	 0.00000,	 -1.32000,	 -0.19000,	 7.48000,	 -1.47000,	 -2.94000,	 -1.06000,	4	
Sat Mar 21 11:23:40 2020,	 482.0,	 0.00000,	 -1.24000,	 -0.43000,	 7.62000,	 -3.34000,	 -5.84000,	 -1.37000,	4	
Sat Mar 21 11:23:41 2020,	 483.0,	 0.00000,	 -1.40000,	 -0.27000,	 7.44000,	 -1.87000,	 -3.82000,	 -1.62000,	4	
Sat Mar 21 11:23:41 2020,	 484.0,	 0.00000,	 -1.35000,	 -0.21000,	 7.46000,	 -2.11000,	 -4.85000,	 -1.31000,	4	
Sat Mar 21 11:23:42 2020,	 485.0,	 0.00000,	 -1.42000,	 -0.21000,	 7.37000,	 -2.53000,	 -3.59000,	 -1.03000,	4	
Sat Mar 21 11:23:42 2020,	 486.0,	 0.00000,	 -1.39000,	 -0.26000,	 7.41000,	 -2.62000,	 -4.18000,	 -1.47000,	4	
Sat Mar 21 11:23:42 2020,	 487.0,	 0.00000,	 -1.45000,	 -0.24000,	 7.49000,	 -1.94000,	 -4.76000,	 -1.29000,	4	
Sat Mar 21 11:23:43 2020,	 488.0,	 0.00000,	 -1.45000,	 -0.40000,	 7.22000,	 0.14000,	 -2.44000,	 -2.15000,	4	
Sat Mar 21 11:23:43 2020,	 489.0,	 0.00000,	 -1.45000,	 -0.26000,	 7.38000,	 -2.18000,	 -4.76000,	 -1.11000,	4	
Sat Mar 21 11:23:44 2020,	 490.0,	 0.00000,	 -1.43000,	 -0.18000,	 7.35000,	 -1.99000,	 -3.97000,	 -1.71000,	4	
Sat Mar 21 11:23:44 2020,	 491.0,	 0.00000,	 -1.45000,	 -0.27000,	 7.41000,	 -2.66000,	 -4.21000,	 -0.91000,	4	
Sat Mar 21 11:23:45 2020,	 492.0,	 0.00000,	 -1.43000,	 -0.26000,	 7.46000,	 -2.64000,	 -4.36000,	 -1.89000,	4	
Sat Mar 21 11:23:45 2020,	 493.0,	 0.00000,	 -1.43000,	 -0.23000,	 7.35000,	 -3.08000,	 -4.27000,	 -1.22000,	4	
Sat Mar 21 11:23:45 2020,	 494.0,	 0.00000,	 -1.47000,	 -0.13000,	 7.39000,	 -2.37000,	 -4.45000,	 -0.98000,	4	
Sat Mar 21 11:23:46 2020,	 495.0,	 0.00000,	 -1.45000,	 -0.19000,	 7.48000,	 -2.38000,	 -4.04000,	 -1.87000,	4	
Sat Mar 21 11:23:46 2020,	 496.0,	 0.00000,	 -1.45000,	 -0.27000,	 7.40000,	 -2.31000,	 -5.37000,	 -0.24000,	4	
Sat Mar 21 11:23:47 2020,	 497.0,	 0.00000,	 -1.64000,	 -0.33000,	 7.49000,	 -5.20000,	 -2.82000,	 -4.18000,	4	
Sat Mar 21 11:23:47 2020,	 498.0,	 0.00000,	 -1.58000,	 -0.33000,	 7.41000,	 -2.21000,	 -5.07000,	 -1.11000,	4	
Sat Mar 21 11:23:48 2020,	 499.0,	 0.00000,	 -1.48000,	 -0.28000,	 7.31000,	 -0.17000,	 -2.57000,	 0.12000,	4	
Sat Mar 21 11:23:48 2020,	 500.0,	 0.00000,	 -1.59000,	 -0.22000,	 7.37000,	 -2.21000,	 -4.77000,	 -1.30000,	4	
Sat Mar 21 11:23:48 2020,	 501.0,	 0.00000,	 -1.54000,	 -0.30000,	 7.37000,	 -2.66000,	 -4.12000,	 -2.05000,	4	
Sat Mar 21 11:23:49 2020,	 502.0,	 0.00000,	 -1.54000,	 -0.33000,	 7.36000,	 -2.41000,	 -4.18000,	 -1.26000,	4	
Sat Mar 21 11:23:49 2020,	 503.0,	 0.00000,	 -1.56000,	 -0.35000,	 7.40000,	 -2.85000,	 -3.83000,	 -1.27000,	4	
Sat Mar 21 11:23:50 2020,	 504.0,	 0.00000,	 -1.58000,	 -0.34000,	 7.29000,	 -2.12000,	 -4.27000,	 -1.31000,	4	
Sat Mar 21 11:23:50 2020,	 505.0,	 0.00000,	 -1.49000,	 -0.38000,	 7.43000,	 -1.77000,	 -3.82000,	 -1.38000,	4	
Sat Mar 21 11:23:51 2020,	 506.0,	 0.00000,	 -1.57000,	 -0.34000,	 7.46000,	 -4.08000,	 -4.92000,	 -0.74000,	4	
Sat Mar 21 11:23:51 2020,	 507.0,	 0.00000,	 -1.53000,	 -0.42000,	 7.37000,	 -2.62000,	 -4.30000,	 -1.51000,	4	
Sat Mar 21 11:23:51 2020,	 508.0,	 0.00000,	 -1.56000,	 -0.52000,	 7.32000,	 -1.34000,	 -3.19000,	 -1.56000,	4	
Sat Mar 21 11:23:52 2020,	 509.0,	 0.00000,	 -1.55000,	 -0.49000,	 7.45000,	 -2.39000,	 -4.86000,	 -1.24000,	4	
Sat Mar 21 11:23:52 2020,	 510.0,	 0.00000,	 -1.49000,	 -0.49000,	 7.33000,	 -1.85000,	 -3.27000,	 -1.64000,	4	
Sat Mar 21 11:23:53 2020,	 511.0,	 0.00000,	 -1.58000,	 -0.44000,	 7.37000,	 -2.75000,	 -4.11000,	 -1.12000,	4	
Sat Mar 21 11:23:53 2020,	 512.0,	 0.00000,	 -1.53000,	 -0.46000,	 7.44000,	 -1.55000,	 -4.99000,	 -0.17000,	4	
Sat Mar 21 11:23:53 2020,	 513.0,	 0.00000,	 -1.59000,	 -0.48000,	 7.30000,	 -1.93000,	 -3.67000,	 -1.76000,	4	
Sat Mar 21 11:23:54 2020,	 514.0,	 0.00000,	 -1.59000,	 -0.49000,	 7.40000,	 -2.55000,	 -5.34000,	 -0.92000,	4	
Sat Mar 21 11:23:54 2020,	 515.0,	 0.00000,	 -1.54000,	 -0.41000,	 7.32000,	 -2.10000,	 -3.93000,	 -1.63000,	4	
Sat Mar 21 11:23:55 2020,	 516.0,	 0.00000,	 -1.58000,	 -0.49000,	 7.30000,	 -1.76000,	 -4.49000,	 -1.41000,	4	
Sat Mar 21 11:23:55 2020,	 517.0,	 0.00000,	 -1.53000,	 -0.45000,	 7.34000,	 -1.79000,	 -5.02000,	 -1.02000,	4	
Sat Mar 21 11:23:55 2020,	 518.0,	 0.00000,	 -1.62000,	 -0.45000,	 7.27000,	 -1.16000,	 -1.80000,	 -2.12000,	4	
Sat Mar 21 11:23:56 2020,	 519.0,	 0.00000,	 -1.66000,	 -0.44000,	 7.33000,	 -3.02000,	 -4.66000,	 -0.92000,	4	
Sat Mar 21 11:23:56 2020,	 520.0,	 0.00000,	 -1.65000,	 -0.33000,	 7.59000,	 -2.04000,	 0.56000,	 -4.81000,	4	
Sat Mar 21 11:23:57 2020,	 521.0,	 0.00000,	 -1.67000,	 -0.44000,	 7.33000,	 -1.69000,	 -4.40000,	 -0.73000,	4	
Sat Mar 21 11:23:57 2020,	 522.0,	 0.00000,	 -1.67000,	 -0.38000,	 7.41000,	 -3.12000,	 -4.11000,	 -0.86000,	4	
Sat Mar 21 11:23:58 2020,	 523.0,	 0.00000,	 -1.60000,	 -0.46000,	 7.27000,	 -1.84000,	 -4.43000,	 -1.69000,	4	
Sat Mar 21 11:23:58 2020,	 524.0,	 0.00000,	 -1.66000,	 -0.40000,	 7.35000,	 -1.85000,	 -4.47000,	 -1.81000,	4	
Sat Mar 21 11:23:59 2020,	 525.0,	 0.00000,	 -1.69000,	 -0.47000,	 7.36000,	 -1.90000,	 -3.91000,	 -1.03000,	4	
Sat Mar 21 11:23:59 2020,	 526.0,	 0.00000,	 -1.67000,	 -0.41000,	 7.31000,	 -1.89000,	 -3.63000,	 -1.21000,	4	
Sat Mar 21 11:23:59 2020,	 527.0,	 0.00000,	 -1.69000,	 -0.33000,	 7.29000,	 -2.69000,	 -3.62000,	 -1.37000,	4	
Sat Mar 21 11:24:00 2020,	 528.0,	 0.00000,	 -1.76000,	 -0.44000,	 7.26000,	 -1.37000,	 -3.86000,	 -0.78000,	4	
Sat Mar 21 11:24:00 2020,	 529.0,	 0.00000,	 -1.69000,	 -0.43000,	 7.38000,	 -2.31000,	 -5.80000,	 -1.73000,	4	
Sat Mar 21 11:24:00 2020,	 530.0,	 0.00000,	 -1.75000,	 -0.42000,	 7.33000,	 -1.88000,	 -3.79000,	 -1.35000,	4	
Sat Mar 21 11:24:01 2020,	 531.0,	 0.00000,	 -1.79000,	 -0.50000,	 7.19000,	 -2.11000,	 -4.24000,	 -1.80000,	4	
Sat Mar 21 11:24:09 2020,	 551.0,	 0.00000,	 -1.07000,	 0.20000,	 -8.70000,	 -2.39000,	 -4.53000,	 -1.31000,	5	
Sat Mar 21 11:24:10 2020,	 552.0,	 0.00000,	 -1.03000,	 0.25000,	 -8.68000,	 -2.27000,	 -4.33000,	 -1.34000,	5	
Sat Mar 21 11:24:10 2020,	 553.0,	 0.00000,	 -1.00000,	 0.17000,	 -8.72000,	 -2.92000,	 -4.73000,	 -1.56000,	5	
Sat Mar 21 11:24:10 2020,	 554.0,	 0.00000,	 -0.98000,	 0.15000,	 -8.77000,	 -2.07000,	 -4.41000,	 -1.21000,	5	
Sat Mar 21 11:24:11 2020,	 555.0,	 0.00000,	 -1.00000,	 0.14000,	 -8.67000,	 -2.14000,	 -3.70000,	 -1.13000,	5	
Sat Mar 21 11:24:11 2020,	 556.0,	 0.00000,	 -1.01000,	 0.17000,	 -8.67000,	 -3.27000,	 -4.23000,	 -2.01000,	5	
Sat Mar 21 11:24:12 2020,	 557.0,	 0.00000,	 -0.95000,	 0.22000,	 -8.72000,	 -1.88000,	 -5.46000,	 -2.40000,	5	
Sat Mar 21 11:24:12 2020,	 558.0,	 0.00000,	 -1.01000,	 0.13000,	 -8.71000,	 -2.67000,	 -4.99000,	 -2.45000,	5	
Sat Mar 21 11:24:13 2020,	 559.0,	 0.00000,	 -0.97000,	 0.12000,	 -8.64000,	 -1.97000,	 -4.73000,	 -1.86000,	5	
Sat Mar 21 11:24:13 2020,	 560.0,	 0.00000,	 -1.00000,	 0.07000,	 -8.72000,	 -2.28000,	 -4.47000,	 -1.56000,	5	
Sat Mar 21 11:24:13 2020,	 561.0,	 0.00000,	 -1.03000,	 0.17000,	 -8.69000,	 -1.94000,	 -4.27000,	 -1.49000,	5	
Sat Mar 21 11:24:14 2020,	 562.0,	 0.00000,	 -0.98000,	 0.15000,	 -8.71000,	 -3.05000,	 -4.38000,	 -1.78000,	5	
Sat Mar 21 11:24:14 2020,	 563.0,	 0.00000,	 -1.02000,	 0.22000,	 -8.77000,	 -2.15000,	 -4.05000,	 -1.37000,	5	
Sat Mar 21 11:24:15 2020,	 564.0,	 0.00000,	 -0.94000,	 0.12000,	 -8.70000,	 -3.02000,	 -4.95000,	 -1.63000,	5	
Sat Mar 21 11:24:15 2020,	 565.0,	 0.00000,	 -0.96000,	 0.07000,	 -8.77000,	 -0.56000,	 -5.07000,	 2.29000,	5	
Sat Mar 21 11:24:16 2020,	 566.0,	 0.00000,	 -0.88000,	 -0.15000,	 -8.70000,	 -1.88000,	 -4.58000,	 0.47000,	5	
Sat Mar 21 11:24:16 2020,	 567.0,	 0.00000,	 -0.94000,	 0.11000,	 -8.72000,	 -2.95000,	 -4.14000,	 -1.55000,	5	
Sat Mar 21 11:24:16 2020,	 568.0,	 0.00000,	 -1.01000,	 0.13000,	 -8.78000,	 -2.41000,	 -4.84000,	 -1.69000,	5	
Sat Mar 21 11:24:17 2020,	 569.0,	 0.00000,	 -1.01000,	 0.11000,	 -8.72000,	 -2.32000,	 -2.85000,	 -1.55000,	5	
Sat Mar 21 11:24:17 2020,	 570.0,	 0.00000,	 -1.02000,	 0.15000,	 -8.76000,	 -2.33000,	 -5.34000,	 -1.15000,	5	
Sat Mar 21 11:24:18 2020,	 571.0,	 0.00000,	 -1.12000,	 0.10000,	 -8.74000,	 -1.85000,	 -4.08000,	 -1.34000,	5	
Sat Mar 21 11:24:18 2020,	 572.0,	 0.00000,	 -1.08000,	 0.01000,	 -8.62000,	 -1.24000,	 -2.98000,	 -0.32000,	5	
Sat Mar 21 11:24:18 2020,	 573.0,	 0.00000,	 -1.00000,	 0.05000,	 -8.67000,	 -1.97000,	 -4.37000,	 -1.63000,	5	
Sat Mar 21 11:24:19 2020,	 574.0,	 0.00000,	 -0.97000,	 0.06000,	 -8.66000,	 -1.31000,	 -3.98000,	 -0.54000,	5	
Sat Mar 21 11:24:19 2020,	 575.0,	 0.00000,	 -1.04000,	 -0.07000,	 -8.63000,	 -2.25000,	 -4.78000,	 -1.50000,	5	
Sat Mar 21 11:24:20 2020,	 576.0,	 0.00000,	 -1.03000,	 -0.05000,	 -8.68000,	 -2.89000,	 -4.51000,	 -1.95000,	5	
Sat Mar 21 11:24:20 2020,	 577.0,	 0.00000,	 -0.95000,	 0.01000,	 -8.68000,	 -1.53000,	 -4.52000,	 -0.99000,	5	
Sat Mar 21 11:24:20 2020,	 578.0,	 0.00000,	 -0.97000,	 -0.11000,	 -8.70000,	 -2.56000,	 -4.50000,	 -1.39000,	5	
Sat Mar 21 11:24:21 2020,	 579.0,	 0.00000,	 -0.94000,	 -0.05000,	 -8.79000,	 -2.81000,	 -4.42000,	 -1.01000,	5	
Sat Mar 21 11:24:21 2020,	 580.0,	 0.00000,	 -0.98000,	 -0.10000,	 -8.69000,	 -2.73000,	 -5.13000,	 -2.54000,	5	
Sat Mar 21 11:24:22 2020,	 581.0,	 0.00000,	 -0.96000,	 -0.06000,	 -8.66000,	 -1.85000,	 -3.53000,	 -1.35000,	5	
Sat Mar 21 11:24:22 2020,	 582.0,	 0.00000,	 -1.01000,	 -0.16000,	 -8.68000,	 -2.79000,	 -4.93000,	 -2.24000,	5	
Sat Mar 21 11:24:23 2020,	 583.0,	 0.00000,	 -0.97000,	 -0.09000,	 -8.74000,	 -1.80000,	 -5.14000,	 -1.62000,	5	
Sat Mar 21 11:24:23 2020,	 584.0,	 0.00000,	 -1.01000,	 -0.10000,	 -8.62000,	 -1.85000,	 -4.40000,	 -1.93000,	5	
Sat Mar 21 11:24:23 2020,	 585.0,	 0.00000,	 -0.90000,	 -0.16000,	 -8.81000,	 -1.95000,	 -2.74000,	 -2.03000,	5	
Sat Mar 21 11:24:24 2020,	 586.0,	 0.00000,	 -0.94000,	 -0.08000,	 -8.74000,	 -2.02000,	 -4.75000,	 -1.31000,	5	
Sat Mar 21 11:24:24 2020,	 587.0,	 0.00000,	 -0.95000,	 -0.11000,	 -8.67000,	 -2.53000,	 -4.18000,	 -1.66000,	5	
Sat Mar 21 11:24:25 2020,	 588.0,	 0.00000,	 -0.91000,	 -0.07000,	 -8.72000,	 -2.40000,	 -4.36000,	 -1.08000,	5	
Sat Mar 21 11:24:25 2020,	 589.0,	 0.00000,	 -0.93000,	 -0.10000,	 -8.71000,	 -1.76000,	 -4.03000,	 -1.37000,	5	
Sat Mar 21 11:24:26 2020,	 590.0,	 0.00000,	 -0.98000,	 -0.13000,	 -8.76000,	 -1.94000,	 -4.61000,	 -1.37000,	5	
Sat Mar 21 11:24:26 2020,	 591.0,	 0.00000,	 -0.92000,	 -0.08000,	 -8.77000,	 -2.27000,	 -4.36000,	 -1.01000,	5	
Sat Mar 21 11:24:26 2020,	 592.0,	 0.00000,	 -0.97000,	 -0.16000,	 -8.69000,	 -1.58000,	 -4.40000,	 -1.56000,	5	
Sat Mar 21 11:24:27 2020,	 593.0,	 0.00000,	 -0.98000,	 -0.19000,	 -8.68000,	 -2.56000,	 -3.99000,	 -1.35000,	5	
Sat Mar 21 11:24:27 2020,	 594.0,	 0.00000,	 -0.95000,	 -0.13000,	 -8.70000,	 -1.71000,	 -3.95000,	 -0.14000,	5	
Sat Mar 21 11:24:28 2020,	 595.0,	 0.00000,	 -0.96000,	 -0.17000,	 -8.68000,	 -1.94000,	 -4.49000,	 -1.24000,	5	
Sat Mar 21 11:24:28 2020,	 596.0,	 0.00000,	 -0.86000,	 -0.15000,	 -8.64000,	 -1.55000,	 -3.80000,	 -0.90000,	5	
Sat Mar 21 11:24:28 2020,	 597.0,	 0.00000,	 -0.84000,	 -0.21000,	 -8.77000,	 -2.70000,	 -2.66000,	 -1.95000,	5	
Sat Mar 21 11:24:29 2020,	 598.0,	 0.00000,	 -0.85000,	 -0.16000,	 -8.72000,	 -2.59000,	 -4.71000,	 -2.09000,	5	
Sat Mar 21 11:24:29 2020,	 599.0,	 0.00000,	 -0.86000,	 -0.28000,	 -8.66000,	 -2.35000,	 -3.82000,	 -1.21000,	5	
Sat Mar 21 11:24:30 2020,	 600.0,	 0.00000,	 -0.85000,	 -0.21000,	 -8.72000,	 -2.70000,	 -4.18000,	 -1.63000,	5	
Sat Mar 21 11:24:30 2020,	 601.0,	 0.00000,	 -0.83000,	 -0.24000,	 -8.73000,	 -2.02000,	 -5.04000,	 -1.27000,	5	
Sat Mar 21 11:24:31 2020,	 602.0,	 0.00000,	 -0.86000,	 -0.22000,	 -8.71000,	 -2.02000,	 -3.64000,	 -1.23000,	5	
Sat Mar 21 11:24:31 2020,	 603.0,	 0.00000,	 -0.87000,	 -0.17000,	 -8.72000,	 -2.21000,	 -4.74000,	 -1.19000,	5	
Sat Mar 21 11:24:31 2020,	 604.0,	 0.00000,	 -0.87000,	 -0.27000,	 -8.64000,	 -2.42000,	 -4.29000,	 -1.57000,	5	
Sat Mar 21 11:24:32 2020,	 605.0,	 0.00000,	 -0.84000,	 -0.28000,	 -8.80000,	 -2.03000,	 -4.34000,	 -0.75000,	5	
Sat Mar 21 11:24:32 2020,	 606.0,	 0.00000,	 -0.82000,	 -0.22000,	 -8.71000,	 -1.75000,	 -3.95000,	 -1.11000,	5	
Sat Mar 21 11:24:33 2020,	 607.0,	 0.00000,	 -0.86000,	 -0.28000,	 -8.76000,	 -2.29000,	 -4.65000,	 -1.26000,	5	
Sat Mar 21 11:24:33 2020,	 608.0,	 0.00000,	 -0.83000,	 -0.24000,	 -8.72000,	 -2.60000,	 -4.01000,	 -1.39000,	5	
Sat Mar 21 11:24:33 2020,	 609.0,	 0.00000,	 -0.84000,	 -0.31000,	 -8.68000,	 -2.44000,	 -4.59000,	 -1.66000,	5	
Sat Mar 21 11:24:34 2020,	 610.0,	 0.00000,	 -0.84000,	 -0.28000,	 -8.69000,	 -2.54000,	 -4.27000,	 -0.91000,	5	
Sat Mar 21 11:24:34 2020,	 611.0,	 0.00000,	 -0.91000,	 -0.23000,	 -8.70000,	 -2.11000,	 -4.30000,	 -1.36000,	5	
Sat Mar 21 11:24:35 2020,	 612.0,	 0.00000,	 -0.90000,	 -0.30000,	 -8.71000,	 -2.91000,	 -3.48000,	 -1.52000,	5	
Sat Mar 21 11:24:35 2020,	 613.0,	 0.00000,	 -0.87000,	 -0.21000,	 -8.70000,	 -2.23000,	 -4.61000,	 -1.37000,	5	
Sat Mar 21 11:24:36 2020,	 614.0,	 0.00000,	 -1.01000,	 -0.02000,	 -8.82000,	 -4.78000,	 -3.18000,	 -2.49000,	5	
Sat Mar 21 11:24:36 2020,	 615.0,	 0.00000,	 -0.90000,	 -0.11000,	 -8.75000,	 -2.42000,	 -4.54000,	 -1.53000,	5	
Sat Mar 21 11:24:36 2020,	 616.0,	 0.00000,	 -0.85000,	 -0.27000,	 -8.67000,	 -2.31000,	 -4.85000,	 -1.61000,	5	
Sat Mar 21 11:24:37 2020,	 617.0,	 0.00000,	 -0.89000,	 -0.23000,	 -8.68000,	 -2.98000,	 -4.58000,	 -1.47000,	5	
Sat Mar 21 11:24:37 2020,	 618.0,	 0.00000,	 -0.88000,	 -0.22000,	 -8.71000,	 -1.79000,	 -4.15000,	 -1.31000,	5	
Sat Mar 21 11:24:38 2020,	 619.0,	 0.00000,	 -0.91000,	 -0.16000,	 -8.73000,	 -2.49000,	 -4.44000,	 -1.53000,	5	
Sat Mar 21 11:24:38 2020,	 620.0,	 0.00000,	 -0.88000,	 -0.19000,	 -8.75000,	 -2.44000,	 -4.98000,	 -1.17000,	5	
Sat Mar 21 11:24:38 2020,	 621.0,	 0.00000,	 -0.92000,	 -0.26000,	 -8.70000,	 -1.74000,	 -4.57000,	 -1.45000,	5	
Sat Mar 21 11:24:39 2020,	 622.0,	 0.00000,	 -0.90000,	 -0.30000,	 -8.71000,	 -2.57000,	 -4.11000,	 -1.70000,	5	
Sat Mar 21 11:24:39 2020,	 623.0,	 0.00000,	 -0.86000,	 -0.20000,	 -8.66000,	 -1.89000,	 -4.89000,	 -1.34000,	5	
Sat Mar 21 11:24:40 2020,	 624.0,	 0.00000,	 -0.87000,	 -0.23000,	 -8.71000,	 -2.57000,	 -4.22000,	 -1.17000,	5	
Sat Mar 21 11:24:40 2020,	 625.0,	 0.00000,	 -0.92000,	 -0.21000,	 -8.68000,	 -2.05000,	 -4.59000,	 -1.46000,	5	
Sat Mar 21 11:24:41 2020,	 626.0,	 0.00000,	 -0.91000,	 -0.24000,	 -8.74000,	 -2.50000,	 -3.73000,	 -1.31000,	5	
Sat Mar 21 11:24:41 2020,	 627.0,	 0.00000,	 -0.82000,	 -0.21000,	 -8.70000,	 -2.27000,	 -4.92000,	 -1.45000,	5	
Sat Mar 21 11:24:41 2020,	 628.0,	 0.00000,	 -0.95000,	 -0.27000,	 -8.58000,	 -2.12000,	 -3.69000,	 -1.49000,	5	
Sat Mar 21 11:24:42 2020,	 629.0,	 0.00000,	 -0.91000,	 -0.28000,	 -8.74000,	 -2.51000,	 -3.89000,	 -0.87000,	5	
Sat Mar 21 11:24:42 2020,	 630.0,	 0.00000,	 -0.89000,	 -0.25000,	 -8.70000,	 -1.82000,	 -5.25000,	 -2.07000,	5	
Sat Mar 21 11:24:43 2020,	 631.0,	 0.00000,	 -0.93000,	 -0.33000,	 -8.74000,	 -1.97000,	 -4.30000,	 -1.57000,	5	
Sat Mar 21 11:24:43 2020,	 632.0,	 0.00000,	 -0.86000,	 -0.30000,	 -8.63000,	 -2.28000,	 -4.08000,	 -0.99000,	5	
Sat Mar 21 11:24:43 2020,	 633.0,	 0.00000,	 -0.88000,	 -0.36000,	 -8.67000,	 -1.98000,	 -3.71000,	 -1.14000,	5	
Sat Mar 21 11:24:44 2020,	 634.0,	 0.00000,	 -0.85000,	 -0.34000,	 -8.72000,	 -2.34000,	 -4.24000,	 -1.27000,	5	
Sat Mar 21 11:24:44 2020,	 635.0,	 0.00000,	 -0.91000,	 -0.38000,	 -8.61000,	 -2.29000,	 -4.78000,	 -1.03000,	5	
Sat Mar 21 11:24:45 2020,	 636.0,	 0.00000,	 -0.85000,	 -0.33000,	 -8.71000,	 -2.40000,	 -4.16000,	 -1.15000,	5	
Sat Mar 21 11:24:45 2020,	 637.0,	 0.00000,	 -0.85000,	 -0.33000,	 -8.71000,	 -1.65000,	 -4.27000,	 -1.13000,	5	
Sat Mar 21 11:24:45 2020,	 638.0,	 0.00000,	 -0.83000,	 -0.40000,	 -8.72000,	 -1.79000,	 -3.23000,	 -1.09000,	5	
Sat Mar 21 11:24:46 2020,	 639.0,	 0.00000,	 -0.72000,	 -0.37000,	 -8.72000,	 -1.88000,	 -4.47000,	 -1.85000,	5	
Sat Mar 21 11:24:46 2020,	 640.0,	 0.00000,	 -0.78000,	 -0.41000,	 -8.66000,	 -2.36000,	 -4.60000,	 -1.31000,	5	
Sat Mar 21 11:24:47 2020,	 641.0,	 0.00000,	 -0.80000,	 -0.44000,	 -8.71000,	 -1.70000,	 -4.53000,	 -1.62000,	5	
Sat Mar 21 11:24:47 2020,	 642.0,	 0.00000,	 -0.79000,	 -0.45000,	 -8.79000,	 -2.25000,	 -4.40000,	 -0.89000,	5	
Sat Mar 21 11:24:48 2020,	 643.0,	 0.00000,	 -0.83000,	 -0.41000,	 -8.72000,	 -2.44000,	 -3.85000,	 -1.12000,	5	
Sat Mar 21 11:24:48 2020,	 644.0,	 0.00000,	 -0.75000,	 -0.43000,	 -8.75000,	 -1.37000,	 -4.98000,	 -1.53000,	5	
Sat Mar 21 11:24:49 2020,	 645.0,	 0.00000,	 -0.79000,	 -0.50000,	 -8.69000,	 -2.67000,	 -4.03000,	 -1.17000,	5	
Sat Mar 21 11:24:49 2020,	 646.0,	 0.00000,	 -0.73000,	 -0.39000,	 -8.73000,	 -2.63000,	 -4.35000,	 -1.48000,	5	
Sat Mar 21 11:24:49 2020,	 647.0,	 0.00000,	 -0.85000,	 -0.43000,	 -8.78000,	 -2.47000,	 -4.24000,	 -1.86000,	5	
Sat Mar 21 11:24:50 2020,	 648.0,	 0.00000,	 -0.73000,	 -0.46000,	 -8.68000,	 -2.15000,	 -4.77000,	 -1.54000,	5	
Sat Mar 21 11:24:50 2020,	 649.0,	 0.00000,	 -0.81000,	 -0.45000,	 -8.78000,	 -2.47000,	 -4.24000,	 -1.27000,	5	
Sat Mar 21 11:24:51 2020,	 650.0,	 0.00000,	 -0.76000,	 -0.38000,	 -8.76000,	 -1.92000,	 -4.42000,	 -1.23000,	5	
Sat Mar 21 11:24:51 2020,	 651.0,	 0.00000,	 -0.81000,	 -0.49000,	 -8.66000,	 -2.41000,	 -4.07000,	 -1.66000,	5	
Sat Mar 21 11:24:51 2020,	 652.0,	 0.00000,	 -0.83000,	 -0.49000,	 -8.70000,	 -2.68000,	 -4.16000,	 -1.90000,	5	
Sat Mar 21 11:24:52 2020,	 653.0,	 0.00000,	 -0.81000,	 -0.40000,	 -8.74000,	 -1.99000,	 -4.71000,	 -1.02000,	5	
Sat Mar 21 11:24:52 2020,	 654.0,	 0.00000,	 -0.79000,	 -0.41000,	 -8.78000,	 -0.30000,	 -5.07000,	 -1.09000,	5	
Sat Mar 21 11:24:53 2020,	 655.0,	 0.00000,	 -0.79000,	 -0.52000,	 -8.74000,	 -1.82000,	 -4.65000,	 -1.21000,	5	
Sat Mar 21 11:24:53 2020,	 656.0,	 0.00000,	 -0.81000,	 -0.49000,	 -8.68000,	 -2.16000,	 -4.46000,	 -1.11000,	5	
Sat Mar 21 11:24:53 2020,	 657.0,	 0.00000,	 -0.87000,	 -0.39000,	 -8.69000,	 -2.67000,	 -4.15000,	 -1.04000,	5	
Sat Mar 21 11:24:54 2020,	 658.0,	 0.00000,	 -0.81000,	 -0.50000,	 -8.68000,	 -2.11000,	 -4.44000,	 -1.61000,	5	
Sat Mar 21 11:24:54 2020,	 659.0,	 0.00000,	 -0.80000,	 -0.47000,	 -8.78000,	 -2.29000,	 -4.50000,	 -1.18000,	5	
Sat Mar 21 11:24:59 2020,	 670.0,	 0.00000,	 -7.90000,	 0.63000,	 -0.71000,	 -1.91000,	 -3.79000,	 -0.46000,	6	
Sat Mar 21 11:24:59 2020,	 671.0,	 0.00000,	 -7.92000,	 0.64000,	 -0.79000,	 -2.13000,	 -4.22000,	 -1.18000,	6	
Sat Mar 21 11:25:00 2020,	 672.0,	 0.00000,	 -7.92000,	 0.71000,	 -0.77000,	 -2.27000,	 -4.66000,	 -1.41000,	6	
Sat Mar 21 11:25:00 2020,	 673.0,	 0.00000,	 -7.87000,	 0.71000,	 -0.73000,	 -2.06000,	 -4.31000,	 -1.70000,	6	
Sat Mar 21 11:25:01 2020,	 674.0,	 0.00000,	 -7.84000,	 0.67000,	 -0.68000,	 -2.54000,	 -4.41000,	 -0.85000,	6	
Sat Mar 21 11:25:01 2020,	 675.0,	 0.00000,	 -7.94000,	 0.66000,	 -0.76000,	 -2.04000,	 -2.36000,	 -1.35000,	6	
Sat Mar 21 11:25:01 2020,	 676.0,	 0.00000,	 -7.88000,	 0.71000,	 -0.81000,	 -2.37000,	 -4.60000,	 -1.55000,	6	
Sat Mar 21 11:25:02 2020,	 677.0,	 0.00000,	 -7.85000,	 0.74000,	 -0.83000,	 -2.95000,	 -4.08000,	 -1.02000,	6	
Sat Mar 21 11:25:02 2020,	 678.0,	 0.00000,	 -7.82000,	 0.73000,	 -0.80000,	 -1.95000,	 -4.24000,	 -1.22000,	6	
Sat Mar 21 11:25:03 2020,	 679.0,	 0.00000,	 -7.89000,	 0.71000,	 -0.77000,	 -2.63000,	 -4.40000,	 -0.95000,	6	
Sat Mar 21 11:25:03 2020,	 680.0,	 0.00000,	 -7.87000,	 0.74000,	 -0.81000,	 -2.07000,	 -4.27000,	 -1.27000,	6	
Sat Mar 21 11:25:03 2020,	 681.0,	 0.00000,	 -7.80000,	 0.66000,	 -0.81000,	 -2.34000,	 -4.07000,	 -1.26000,	6	
Sat Mar 21 11:25:04 2020,	 682.0,	 0.00000,	 -7.84000,	 0.74000,	 -0.74000,	 -2.12000,	 -4.29000,	 -1.10000,	6	
Sat Mar 21 11:25:04 2020,	 683.0,	 0.00000,	 -7.90000,	 0.73000,	 -0.77000,	 -2.07000,	 -4.37000,	 -1.60000,	6	
Sat Mar 21 11:25:05 2020,	 684.0,	 0.00000,	 -7.87000,	 0.67000,	 -0.72000,	 -2.23000,	 -4.50000,	 -1.24000,	6	
Sat Mar 21 11:25:05 2020,	 685.0,	 0.00000,	 -7.83000,	 0.73000,	 -0.83000,	 -2.34000,	 -4.00000,	 -0.92000,	6	
Sat Mar 21 11:25:05 2020,	 686.0,	 0.00000,	 -7.87000,	 0.75000,	 -0.76000,	 -2.11000,	 -4.31000,	 -1.22000,	6	
Sat Mar 21 11:25:06 2020,	 687.0,	 0.00000,	 -7.88000,	 0.72000,	 -0.91000,	 -2.56000,	 -4.57000,	 -1.54000,	6	
Sat Mar 21 11:25:06 2020,	 688.0,	 0.00000,	 -7.88000,	 0.71000,	 -0.79000,	 -1.92000,	 -4.03000,	 -1.34000,	6	
Sat Mar 21 11:25:07 2020,	 689.0,	 0.00000,	 -7.86000,	 0.83000,	 -0.81000,	 -2.39000,	 -4.19000,	 -1.19000,	6	
Sat Mar 21 11:25:07 2020,	 690.0,	 0.00000,	 -7.87000,	 0.72000,	 -0.71000,	 -2.32000,	 -4.34000,	 -1.24000,	6	
Sat Mar 21 11:25:08 2020,	 691.0,	 0.00000,	 -7.86000,	 0.77000,	 -0.88000,	 -2.10000,	 -4.01000,	 -1.49000,	6	
Sat Mar 21 11:25:08 2020,	 692.0,	 0.00000,	 -7.87000,	 0.74000,	 -0.78000,	 -2.17000,	 -4.17000,	 -1.50000,	6	
Sat Mar 21 11:25:08 2020,	 693.0,	 0.00000,	 -7.88000,	 0.73000,	 -0.76000,	 -2.49000,	 -4.27000,	 -1.11000,	6	
Sat Mar 21 11:25:09 2020,	 694.0,	 0.00000,	 -7.88000,	 0.75000,	 -0.86000,	 -2.34000,	 -4.45000,	 -1.27000,	6	
Sat Mar 21 11:25:09 2020,	 695.0,	 0.00000,	 -7.87000,	 0.76000,	 -0.86000,	 -3.44000,	 -4.75000,	 -1.94000,	6	
Sat Mar 21 11:25:10 2020,	 696.0,	 0.00000,	 -7.83000,	 0.81000,	 -0.88000,	 -2.47000,	 -4.05000,	 -0.85000,	6	
Sat Mar 21 11:25:10 2020,	 697.0,	 0.00000,	 -7.84000,	 0.73000,	 -0.86000,	 -2.40000,	 -4.55000,	 -1.58000,	6	
Sat Mar 21 11:25:11 2020,	 698.0,	 0.00000,	 -7.88000,	 0.82000,	 -1.04000,	 -2.77000,	 -4.77000,	 -1.62000,	6	
Sat Mar 21 11:25:11 2020,	 699.0,	 0.00000,	 -7.90000,	 0.88000,	 -1.04000,	 -2.48000,	 -4.15000,	 -1.12000,	6	
Sat Mar 21 11:25:11 2020,	 700.0,	 0.00000,	 -7.85000,	 0.79000,	 -0.96000,	 -2.23000,	 -6.56000,	 -1.97000,	6	
Sat Mar 21 11:25:12 2020,	 701.0,	 0.00000,	 -7.83000,	 0.82000,	 -0.89000,	 -1.58000,	 -3.59000,	 -0.59000,	6	
Sat Mar 21 11:25:12 2020,	 702.0,	 0.00000,	 -7.91000,	 0.90000,	 -0.98000,	 -2.33000,	 -4.40000,	 -1.17000,	6	
Sat Mar 21 11:25:13 2020,	 703.0,	 0.00000,	 -7.84000,	 0.86000,	 -0.97000,	 -2.48000,	 -4.40000,	 -1.68000,	6	
Sat Mar 21 11:25:13 2020,	 704.0,	 0.00000,	 -7.82000,	 0.86000,	 -0.91000,	 -2.27000,	 -4.20000,	 -0.93000,	6	
Sat Mar 21 11:25:14 2020,	 705.0,	 0.00000,	 -7.85000,	 0.90000,	 -0.91000,	 -2.28000,	 -4.66000,	 -1.35000,	6	
Sat Mar 21 11:25:14 2020,	 706.0,	 0.00000,	 -7.85000,	 0.89000,	 -0.90000,	 -2.65000,	 -4.48000,	 -1.36000,	6	
Sat Mar 21 11:25:14 2020,	 707.0,	 0.00000,	 -7.86000,	 0.88000,	 -0.92000,	 -2.31000,	 -4.23000,	 -1.44000,	6	
Sat Mar 21 11:25:15 2020,	 708.0,	 0.00000,	 -7.90000,	 0.91000,	 -0.99000,	 -2.27000,	 -3.83000,	 -1.40000,	6	
Sat Mar 21 11:25:15 2020,	 709.0,	 0.00000,	 -7.83000,	 0.86000,	 -0.91000,	 -2.47000,	 -4.98000,	 -1.31000,	6	
Sat Mar 21 11:25:16 2020,	 710.0,	 0.00000,	 -7.85000,	 0.82000,	 -0.98000,	 -2.05000,	 -4.20000,	 -1.35000,	6	
Sat Mar 21 11:25:16 2020,	 711.0,	 0.00000,	 -7.85000,	 0.89000,	 -0.95000,	 -2.32000,	 -4.74000,	 -1.76000,	6	
Sat Mar 21 11:25:16 2020,	 712.0,	 0.00000,	 -7.86000,	 0.86000,	 -0.96000,	 -2.02000,	 -4.32000,	 -1.41000,	6	
Sat Mar 21 11:25:17 2020,	 713.0,	 0.00000,	 -7.86000,	 0.85000,	 -0.94000,	 -2.35000,	 -4.53000,	 -1.69000,	6	
Sat Mar 21 11:25:17 2020,	 714.0,	 0.00000,	 -7.85000,	 0.87000,	 -0.94000,	 -2.34000,	 -4.35000,	 -1.16000,	6	
Sat Mar 21 11:25:18 2020,	 715.0,	 0.00000,	 -7.81000,	 0.88000,	 -1.01000,	 -2.37000,	 -4.50000,	 -1.55000,	6	
Sat Mar 21 11:25:18 2020,	 716.0,	 0.00000,	 -7.84000,	 0.86000,	 -0.93000,	 -2.19000,	 -4.14000,	 -1.01000,	6	
Sat Mar 21 11:25:18 2020,	 717.0,	 0.00000,	 -7.85000,	 0.85000,	 -0.90000,	 -2.39000,	 -4.45000,	 -1.18000,	6	
Sat Mar 21 11:25:19 2020,	 718.0,	 0.00000,	 -7.85000,	 0.80000,	 -0.91000,	 -2.60000,	 -4.53000,	 -1.43000,	6	
Sat Mar 21 11:25:19 2020,	 719.0,	 0.00000,	 -7.85000,	 0.83000,	 -0.97000,	 -2.09000,	 -4.01000,	 -0.99000,	6	
Sat Mar 21 11:25:20 2020,	 720.0,	 0.00000,	 -7.87000,	 0.86000,	 -1.02000,	 -2.80000,	 -4.66000,	 -1.46000,	6	
Sat Mar 21 11:25:20 2020,	 721.0,	 0.00000,	 -7.84000,	 0.86000,	 -0.96000,	 -2.19000,	 -4.43000,	 -0.37000,	6	
Sat Mar 21 11:25:21 2020,	 722.0,	 0.00000,	 -7.85000,	 0.88000,	 -0.90000,	 -4.05000,	 -4.39000,	 0.13000,	6	
Sat Mar 21 11:25:21 2020,	 723.0,	 0.00000,	 -7.86000,	 0.92000,	 -0.89000,	 -2.15000,	 -4.32000,	 -0.66000,	6	
Sat Mar 21 11:25:22 2020,	 724.0,	 0.00000,	 -7.85000,	 0.95000,	 -0.96000,	 -2.95000,	 -4.74000,	 -1.06000,	6	
Sat Mar 21 11:25:22 2020,	 725.0,	 0.00000,	 -7.83000,	 0.92000,	 -0.87000,	 -2.51000,	 -4.33000,	 -1.46000,	6	
Sat Mar 21 11:25:22 2020,	 726.0,	 0.00000,	 -7.85000,	 0.97000,	 -0.93000,	 -1.82000,	 -4.02000,	 -1.11000,	6	
Sat Mar 21 11:25:23 2020,	 727.0,	 0.00000,	 -7.78000,	 0.94000,	 -0.93000,	 -2.23000,	 -4.78000,	 -2.35000,	6	
Sat Mar 21 11:25:23 2020,	 728.0,	 0.00000,	 -7.83000,	 0.99000,	 -0.91000,	 -2.45000,	 -4.34000,	 -1.09000,	6	
Sat Mar 21 11:25:24 2020,	 729.0,	 0.00000,	 -7.82000,	 0.91000,	 -0.91000,	 -0.18000,	 -4.66000,	 -2.98000,	6	
Sat Mar 21 11:25:24 2020,	 730.0,	 0.00000,	 -7.81000,	 0.97000,	 -0.92000,	 -2.07000,	 -4.38000,	 -1.50000,	6	
Sat Mar 21 11:25:24 2020,	 731.0,	 0.00000,	 -7.85000,	 0.92000,	 -0.91000,	 -2.40000,	 -4.13000,	 -0.95000,	6	
Sat Mar 21 11:25:25 2020,	 732.0,	 0.00000,	 -7.83000,	 0.96000,	 -0.93000,	 -1.82000,	 -4.38000,	 -1.06000,	6	
Sat Mar 21 11:25:25 2020,	 733.0,	 0.00000,	 -7.84000,	 0.95000,	 -0.93000,	 -2.40000,	 -4.43000,	 -1.67000,	6	
Sat Mar 21 11:25:26 2020,	 734.0,	 0.00000,	 -7.93000,	 1.04000,	 -1.02000,	 0.33000,	 -1.13000,	 -0.11000,	6	
Sat Mar 21 11:25:26 2020,	 735.0,	 0.00000,	 -7.81000,	 1.03000,	 -1.05000,	 -2.92000,	 -5.02000,	 -2.12000,	6	
Sat Mar 21 11:25:26 2020,	 736.0,	 0.00000,	 -7.83000,	 1.04000,	 -1.07000,	 -2.23000,	 -4.44000,	 -1.17000,	6	
Sat Mar 21 11:25:27 2020,	 737.0,	 0.00000,	 -7.77000,	 1.06000,	 -1.01000,	 -2.63000,	 -4.27000,	 -1.49000,	6	
Sat Mar 21 11:25:27 2020,	 738.0,	 0.00000,	 -7.86000,	 1.05000,	 -0.98000,	 -2.35000,	 -4.56000,	 -1.15000,	6	
Sat Mar 21 11:25:28 2020,	 739.0,	 0.00000,	 -7.81000,	 1.03000,	 -1.03000,	 -2.25000,	 -4.41000,	 -1.23000,	6	
Sat Mar 21 11:25:28 2020,	 740.0,	 0.00000,	 -7.80000,	 1.05000,	 -1.00000,	 -2.23000,	 -4.24000,	 -1.18000,	6	
Sat Mar 21 11:25:28 2020,	 741.0,	 0.00000,	 -7.78000,	 1.11000,	 -1.04000,	 -2.36000,	 -4.15000,	 -1.47000,	6	
Sat Mar 21 11:25:29 2020,	 742.0,	 0.00000,	 -7.81000,	 1.07000,	 -1.00000,	 -2.56000,	 -4.57000,	 -1.39000,	6	
Sat Mar 21 11:25:29 2020,	 743.0,	 0.00000,	 -7.78000,	 1.11000,	 -1.00000,	 -2.74000,	 -4.61000,	 -1.66000,	6	
Sat Mar 21 11:25:30 2020,	 744.0,	 0.00000,	 -7.80000,	 1.11000,	 -1.02000,	 -2.77000,	 -4.45000,	 -1.11000,	6	
Sat Mar 21 11:25:30 2020,	 745.0,	 0.00000,	 -7.79000,	 1.03000,	 -1.00000,	 -2.47000,	 -4.51000,	 -1.75000,	6	
Sat Mar 21 11:25:31 2020,	 746.0,	 0.00000,	 -7.80000,	 1.11000,	 -0.99000,	 -2.42000,	 -4.31000,	 -1.21000,	6	
Sat Mar 21 11:25:31 2020,	 747.0,	 0.00000,	 -7.86000,	 1.05000,	 -1.00000,	 -2.41000,	 -4.50000,	 -1.28000,	6	
Sat Mar 21 11:25:31 2020,	 748.0,	 0.00000,	 -7.82000,	 1.09000,	 -1.01000,	 -2.34000,	 -4.39000,	 -1.34000,	6	
Sat Mar 21 11:25:32 2020,	 749.0,	 0.00000,	 -7.79000,	 1.07000,	 -1.00000,	 -2.01000,	 -4.40000,	 -1.25000,	6	
Sat Mar 21 11:25:32 2020,	 750.0,	 0.00000,	 -7.76000,	 1.11000,	 -0.98000,	 -2.05000,	 -4.19000,	 -0.79000,	6	
Sat Mar 21 11:25:33 2020,	 751.0,	 0.00000,	 -7.79000,	 1.09000,	 -0.98000,	 -2.46000,	 -4.29000,	 -1.34000,	6	
Sat Mar 21 11:25:33 2020,	 752.0,	 0.00000,	 -7.81000,	 1.14000,	 -1.06000,	 -2.66000,	 -4.37000,	 -1.56000,	6	
Sat Mar 21 11:25:34 2020,	 753.0,	 0.00000,	 -7.83000,	 1.03000,	 -0.99000,	 -2.79000,	 -4.33000,	 -1.10000,	6	
Sat Mar 21 11:25:34 2020,	 754.0,	 0.00000,	 -7.82000,	 1.10000,	 -1.09000,	 -2.40000,	 -4.53000,	 -1.11000,	6	
Sat Mar 21 11:25:34 2020,	 755.0,	 0.00000,	 -7.77000,	 1.06000,	 -0.90000,	 -2.21000,	 -4.17000,	 -1.04000,	6	
Sat Mar 21 11:25:35 2020,	 756.0,	 0.00000,	 -7.81000,	 1.06000,	 -0.99000,	 -2.23000,	 -4.50000,	 -1.53000,	6	
Sat Mar 21 11:25:35 2020,	 757.0,	 0.00000,	 -7.82000,	 1.11000,	 -1.03000,	 -2.33000,	 -4.50000,	 -1.18000,	6	
Sat Mar 21 11:25:36 2020,	 758.0,	 0.00000,	 -7.78000,	 1.07000,	 -1.01000,	 -2.37000,	 -4.21000,	 -1.05000,	6	
Sat Mar 21 11:25:36 2020,	 759.0,	 0.00000,	 -7.80000,	 1.06000,	 -1.00000,	 -2.17000,	 -4.24000,	 -0.94000,	6	
Sat Mar 21 11:25:36 2020,	 760.0,	 0.00000,	 -7.87000,	 1.13000,	 -1.05000,	 -2.47000,	 -4.31000,	 -1.42000,	6	
Sat Mar 21 11:25:37 2020,	 761.0,	 0.00000,	 -7.84000,	 1.07000,	 -0.98000,	 -2.45000,	 -4.63000,	 -1.26000,	6	
Sat Mar 21 11:25:37 2020,	 762.0,	 0.00000,	 -7.90000,	 1.11000,	 -1.05000,	 -2.37000,	 -3.61000,	 -1.50000,	6	
Sat Mar 21 11:25:38 2020,	 763.0,	 0.00000,	 -7.82000,	 1.12000,	 -0.98000,	 -2.50000,	 -4.57000,	 -1.11000,	6	
Sat Mar 21 11:25:38 2020,	 764.0,	 0.00000,	 -7.88000,	 1.06000,	 -1.03000,	 -2.40000,	 -4.49000,	 -1.42000,	6	
Sat Mar 21 11:25:39 2020,	 765.0,	 0.00000,	 -7.75000,	 1.07000,	 -1.02000,	 -2.44000,	 -4.34000,	 -1.42000,	6	
Sat Mar 21 11:25:39 2020,	 766.0,	 0.00000,	 -7.83000,	 0.97000,	 -1.01000,	 -2.29000,	 -4.94000,	 -2.66000,	6	
Sat Mar 21 11:25:39 2020,	 767.0,	 0.00000,	 -7.84000,	 1.09000,	 -0.97000,	 -0.72000,	 -3.79000,	 0.60000,	6	
Sat Mar 21 11:25:40 2020,	 768.0,	 0.00000,	 -7.87000,	 1.12000,	 -1.02000,	 -1.34000,	 -5.37000,	 -2.83000,	6	
Sat Mar 21 11:25:40 2020,	 769.0,	 0.00000,	 -7.83000,	 1.01000,	 -0.89000,	 -1.93000,	 -5.34000,	 -1.73000,	6	
Sat Mar 21 11:25:41 2020,	 770.0,	 0.00000,	 -7.83000,	 1.03000,	 -0.69000,	 -2.25000,	 -4.74000,	 -1.50000,	6	
Sat Mar 21 11:25:41 2020,	 771.0,	 0.00000,	 -7.86000,	 1.09000,	 -0.85000,	 -2.36000,	 -4.56000,	 -0.97000,	6	
Sat Mar 21 11:25:41 2020,	 772.0,	 0.00000,	 -7.81000,	 1.15000,	 -0.76000,	 -2.66000,	 -4.58000,	 -1.50000,	6	
Sat Mar 21 11:25:42 2020,	 773.0,	 0.00000,	 -7.83000,	 1.06000,	 -0.73000,	 -2.91000,	 -5.15000,	 -1.13000,	6	
Sat Mar 21 11:25:42 2020,	 774.0,	 0.00000,	 -7.92000,	 1.18000,	 -0.76000,	 -2.58000,	 -4.68000,	 -1.37000,	6	
Sat Mar 21 11:25:43 2020,	 775.0,	 0.00000,	 -7.79000,	 1.10000,	 -0.76000,	 -2.27000,	 -4.42000,	 -1.59000,	6	
Sat Mar 21 11:25:43 2020,	 776.0,	 0.00000,	 -7.82000,	 1.06000,	 -0.68000,	 -2.44000,	 -4.46000,	 -1.53000,	6	
Sat Mar 21 11:25:44 2020,	 777.0,	 0.00000,	 -7.84000,	 1.15000,	 -0.73000,	 -2.61000,	 -4.57000,	 -1.53000,	6	
Sat Mar 21 11:25:44 2020,	 778.0,	 0.00000,	 -7.81000,	 1.01000,	 -0.73000,	 -2.53000,	 -4.48000,	 -1.55000,	6	
Sat Mar 21 11:25:44 2020,	 779.0,	 0.00000,	 -7.85000,	 1.07000,	 -0.69000,	 -2.07000,	 -4.06000,	 -0.91000,	6	
Sat Mar 21 11:25:45 2020,	 780.0,	 0.00000,	 -7.86000,	 1.14000,	 -0.76000,	 -2.53000,	 -4.63000,	 -1.87000,	6	
Sat Mar 21 11:25:45 2020,	 781.0,	 0.00000,	 -7.85000,	 1.07000,	 -0.70000,	 -2.15000,	 -4.35000,	 -1.27000,	6	
Sat Mar 21 11:25:46 2020,	 782.0,	 0.00000,	 -7.82000,	 1.09000,	 -0.69000,	 -2.31000,	 -4.44000,	 -1.49000,	6	
Sat Mar 21 11:25:46 2020,	 783.0,	 0.00000,	 -7.84000,	 1.03000,	 -0.75000,	 -2.33000,	 -4.23000,	 -1.27000,	6	
Sat Mar 21 11:25:46 2020,	 784.0,	 0.00000,	 -7.83000,	 1.12000,	 -0.73000,	 -2.22000,	 -4.37000,	 -1.05000,	6	
Sat Mar 21 11:25:47 2020,	 785.0,	 0.00000,	 -7.83000,	 1.11000,	 -0.77000,	 -2.34000,	 -4.47000,	 -1.56000,	6	
Sat Mar 21 11:25:47 2020,	 786.0,	 0.00000,	 -7.79000,	 1.07000,	 -0.70000,	 -2.31000,	 -4.08000,	 -1.85000,	6	
Sat Mar 21 11:25:48 2020,	 787.0,	 0.00000,	 -7.87000,	 1.11000,	 -0.77000,	 -2.55000,	 -4.23000,	 -1.18000,	6	
Sat Mar 21 11:25:48 2020,	 788.0,	 0.00000,	 -7.77000,	 1.04000,	 -0.74000,	 -2.54000,	 -4.40000,	 -1.24000,	6	
Sat Mar 21 11:25:49 2020,	 789.0,	 0.00000,	 -7.82000,	 1.13000,	 -0.77000,	 -2.18000,	 -4.53000,	 -1.58000,	6	
Sat Mar 21 11:25:49 2020,	 790.0,	 0.00000,	 -7.82000,	 1.01000,	 -0.68000,	 -2.60000,	 -4.37000,	 -1.60000,	6	
Sat Mar 21 11:25:49 2020,	 791.0,	 0.00000,	 -7.85000,	 1.06000,	 -0.75000,	 -2.41000,	 -4.57000,	 -1.31000,	6	
Sat Mar 21 11:25:50 2020,	 792.0,	 0.00000,	 -7.85000,	 1.07000,	 -0.72000,	 -2.28000,	 -4.61000,	 -1.58000,	6	
Sat Mar 21 11:25:50 2020,	 793.0,	 0.00000,	 -7.80000,	 1.08000,	 -0.78000,	 -2.17000,	 -4.06000,	 -1.24000,	6	
Sat Mar 21 11:25:51 2020,	 794.0,	 0.00000,	 -7.82000,	 1.08000,	 -0.78000,	 -2.20000,	 -4.11000,	 -1.11000,	6	
